channel,tvg_id,group,working,reason,seconds,host,url
10 TV (576p),10TV.in,IN News,YES,playing,2.5,cdn.pishow.tv,https://cdn.pishow.tv/ott/live/391/master.m3u8
10 TV (720p),10TV.in,IN News,YES,playing,3.3,mumbai-edge.smartplaytv.in,https://mumbai-edge.smartplaytv.in/10TV/index.m3u8
24 News (396p),24News.in,IN News,YES,playing,0.5,segment.yuppcdn.net,https://segment.yuppcdn.net/110322/channel24/playlist.m3u8
24 News (576p),24News.in,IN News,YES,playing,3.0,mumt07.tangotv.in,https://mumt07.tangotv.in/zHjX9OFlTWENTYFOURNEWS/index.m3u8
24 News HD,24NewsHD.pk,PK News,YES,playing,1.5,cdn4.mjunoon.tv:8087,https://cdn4.mjunoon.tv:8087/streamtest/146M/chunks.m3u8
365 News,365News.pk,PK News,YES,playing,1.5,cdn4.mjunoon.tv:8087,https://cdn4.mjunoon.tv:8087/streamtest/140M/chunks.m3u8
4 SiDES TV (1080p),4SiDESTV.in,IN News,YES,playing,5.8,stream.ottlive.co.in,https://stream.ottlive.co.in/4sidestv/index.m3u8
4TV News (576p),4TVNews.in,IN News,YES,playing,2.5,cdn.pishow.tv,https://cdn.pishow.tv/ott/live/1007/master.m3u8
6 TV Telugu (576p),6TVTelugu.in,IN News,YES,playing,1.4,yuppparoriglin.akamaized.net,https://yuppparoriglin.akamaized.net/181224/smil:6tv.smil/playlist.m3u8?hdnts=st=1735898689~exp=1835898688~acl=*~hmac=f5fe24724fe05481e3841f9eb5ab8efdee0a3dd83645ae9dcf45703f525bab7b
6 TV Telugu (576p),6TVTelugu.in,IN News,YES,playing,3.3,mumbai-edge.smartplaytv.in,https://mumbai-edge.smartplaytv.in/6TVTelugu/index.m3u8
7 News (720p),7News.pk,PK News,YES,playing,1.8,sscsott.com,https://sscsott.com/7news/live/index.m3u8
99TV (720p),99TV.in,IN News,YES,playing,2.5,cdn.pishow.tv,https://cdn.pishow.tv/ott/live/1211/master.m3u8
Aaj Ki Khabar (1080p),AajKiKhabar.in,IN News,YES,playing,4.0,stream.ottlive.co.in,https://stream.ottlive.co.in/aajkikhabar/index.m3u8
Aaj Ki Khabar (576p),AajKiKhabar.in,IN News,YES,playing,3.0,mumt04.tangotv.in,https://mumt04.tangotv.in/m18aqlK4AAJKIKHABAR/index.m3u8
Aaj Tak (404p),AajTak.in,IN News,YES,playing,1.7,aajtaklive-amd.akamaized.net,https://aajtaklive-amd.akamaized.net/hls/live/2014416/aajtak/aajtaklive/live_404p/chunks.m3u8
Aaj Tak (720p),AajTak.in,IN News,YES,playing,0.4,d1rc86nwwc9fag.cloudfront.net,https://d1rc86nwwc9fag.cloudfront.net/vglive-sk-791258/master.m3u8
Aaj Tak HD (1080p),AajTak.in@HD,IN News,YES,playing,2.7,feeds.intoday.in,https://feeds.intoday.in/aajtak/api/aajtakhd/master.m3u8
ABN Andhra Jyoti (576p),ABNAndhraJyoti.in,IN News,YES,playing,2.5,cdn.pishow.tv,https://cdn.pishow.tv/ott/live/407/master.m3u8
ABN Andhra Jyoti (720p),ABNAndhraJyoti.in,IN News,YES,playing,3.3,mumbai-edge.smartplaytv.in,https://mumbai-edge.smartplaytv.in/ABNAJ/index.m3u8
ABN News (360p),ABNNews.pk,PK News,YES,playing,2.2,vodzong.mjunoon.tv:8087,https://vodzong.mjunoon.tv:8087/streamtest/ABN-161/playlist.m3u8
ABP Ananda (1080p),ABPAnanda.in,IN News,YES,playing,2.4,d2l4ar6y3mrs4k.cloudfront.net,https://d2l4ar6y3mrs4k.cloudfront.net/live-streaming/ananda-livetv/master.m3u8
ABP Asmita (1080p),ABPAsmita.in,IN News,YES,playing,1.5,d2l4ar6y3mrs4k.cloudfront.net,https://d2l4ar6y3mrs4k.cloudfront.net/live-streaming/asmita-livetv/master.m3u8
ABP Ganga (1080p),ABPGanga.in,IN News,YES,playing,1.5,d2l4ar6y3mrs4k.cloudfront.net,https://d2l4ar6y3mrs4k.cloudfront.net/live-streaming/ganga-livetv/master.m3u8
ABP Majha (360p),ABPMajha.in,IN News,YES,playing,0.4,yupprestreamliveus.akamaized.net,https://yupprestreamliveus.akamaized.net/vglive-sk-355289/majha/master.m3u8
ABP Majha (576p),ABPMajha.in,IN News,YES,playing,3.3,mumbai-edge.smartplaytv.in,https://mumbai-edge.smartplaytv.in/ABPMajha/index.m3u8
ABP News (1080p),ABPNews.in,IN News,YES,playing,0.4,d1rc86nwwc9fag.cloudfront.net,https://d1rc86nwwc9fag.cloudfront.net/vglive-sk-472500/abpnews/master.m3u8
ABP News (1080p),ABPNews.in,IN News,YES,playing,2.4,d2l4ar6y3mrs4k.cloudfront.net,https://d2l4ar6y3mrs4k.cloudfront.net/live-streaming/abpnews-livetv/master.m3u8
ABP News (720p),ABPNews.in,IN News,YES,playing,3.3,mumbai-edge.smartplaytv.in,https://mumbai-edge.smartplaytv.in/ABPNews/index.m3u8
Aik News,AikNews.pk@SD,PK News,YES,playing,1.7,s2.ideationtec.live,https://s2.ideationtec.live/Pnn/Pnn.m3u8?token=KsR3k27_sH3n-2
AKD Calcutta News (1080p),AKDCalcuttaNews.in,IN News,YES,playing,3.1,live.legitpro.co.in,https://live.legitpro.co.in/cnnnews/index.m3u8
AKD Calcutta News (576p),AKDCalcuttaNews.in,IN News,YES,playing,2.5,cdn.pishow.tv,https://cdn.pishow.tv/ott/live/237/master.m3u8
Akhon Kolkata (478p),AkhonKolkata.in,IN News,YES,playing,3.6,server.playontv.in,https://server.playontv.in/ekhonkolkata/ekhonkolkata/index.m3u8
AmarUjala (1080p),AmarUjala.in,IN News,YES,playing,6.1,amarujala.ottlive.co.in,https://amarujala.ottlive.co.in/amarujala/index.m3u8
Ananda Barta (720p),AnandaBarta.in,IN News,YES,playing,2.4,account19.livebox.co.in,https://account19.livebox.co.in/Anandabarta2hls/live.m3u8
ANB News (576p),ANBNews.in,IN News,YES,playing,3.0,mumt05.tangotv.in,https://mumt05.tangotv.in/87NeALx2ANBNEWSNATIONAL/index.m3u8
APN (576p),APN.in,IN News,YES,playing,1.0,d1msejlow1t3l4.cloudfront.net,https://d1msejlow1t3l4.cloudfront.net/fta/apnnews/playlist.m3u8
APN (576p),APN.in,IN News,YES,playing,3.0,mumt01.tangotv.in,https://mumt01.tangotv.in/O5aw8Zn3APN/index.m3u8
Argus News (576p),ArgusNews.in,IN News,YES,playing,3.0,mumt05.tangotv.in,https://mumt05.tangotv.in/87NeALx2ARGUSNEWS/index.m3u8
Argus News (576p),ArgusNews.in,IN News,YES,playing,5.0,stream.ottlive.co.in,https://stream.ottlive.co.in/argus/index.m3u8
Asian News (1080p),AsianNews.in,IN News,YES,playing,5.0,stream.ottlive.co.in,https://stream.ottlive.co.in/asiannews/index.m3u8
Asianet News (1080p),AsianetNews.in,IN News,YES,playing,2.3,amg13737-amg13737c1-amgplt0016.playout.now3.amagi.tv,https://amg13737-amg13737c1-amgplt0016.playout.now3.amagi.tv/playlist/amg13737-amg13737c1-amgplt0016/playlist.m3u8
Asianet News (1080p),AsianetNews.in,IN News,YES,playing,2.3,asianet-samsung.vgcdn.net,https://asianet-samsung.vgcdn.net/ptnr-monitoring/vglive-sk-906908/playlist.m3u8
Asianet News (576p),AsianetNews.in,IN News,YES,playing,3.2,streams.tangotv.in,https://streams.tangotv.in/ASIANETNEWS/ORIGIN/index.m3u8
Asianet Suvarna News (1080p),AsianetSuvarnaNews.in,IN News,YES,playing,2.1,asianetnews.vgcdn.net,https://asianetnews.vgcdn.net/vglive-sk-335835/playlist.m3u8
Asom Live 24 (576p),AsomLive24.in,IN News,YES,playing,3.0,mumt06.tangotv.in,https://mumt06.tangotv.in/qYyB8fXVASHOMLIVE/index.m3u8
Assam Talks (576p),AssamTalks.in,IN News,YES,playing,1.8,tvsen7.aynascope.net,http://tvsen7.aynascope.net/AssamTalks/index.m3u8
Assam Talks (576p),AssamTalks.in,IN News,YES,playing,3.0,mumt05.tangotv.in,https://mumt05.tangotv.in/87NeALx2ASSAMTALKS/index.m3u8
Awaaz India TV (720p),AwaazIndiaTV.in,IN News,YES,playing,2.3,awaazindia.livebox.co.in,https://awaazindia.livebox.co.in/AwaazIndaTVhls/Live.m3u8
Bansal News (576p),BansalNews.in,IN News,YES,playing,0.9,d1msejlow1t3l4.cloudfront.net,https://d1msejlow1t3l4.cloudfront.net/fta/bansalnews/playlist.m3u8
Bansal News (576p),BansalNews.in,IN News,YES,playing,3.6,mumt07.tangotv.in,https://mumt07.tangotv.in/zHjX9OFlBANSALNEWS/index.m3u8
Bansal News (720p),BansalNews.in,IN News,YES,playing,5.7,8yzmq2gbdvax-hls-live.wmncdn.net,https://8yzmq2gbdvax-hls-live.wmncdn.net/bansalnewstv1/live1.stream/playlist.m3u8
Bharat Express,BharatExpress.in,IN News,YES,playing,2.4,cdn.pishow.tv,https://cdn.pishow.tv/ott/live/1139/master.m3u8
Bharat Express (480p),BharatExpress.in,IN News,YES,playing,2.4,stream1.livebox.co.in,https://stream1.livebox.co.in/VCAREhls/live.m3u8
Bharat Express (576p),BharatExpress.in,IN News,YES,playing,2.9,mumt07.tangotv.in,https://mumt07.tangotv.in/zHjX9OFlBHARATEXPRESS/index.m3u8
Bharat Samachar (396p),BharatSamachar.in,IN News,YES,playing,0.9,d1msejlow1t3l4.cloudfront.net,https://d1msejlow1t3l4.cloudfront.net/fta/bharatsamachar/playlist.m3u8
Bharat Samachar (576p),BharatSamachar.in,IN News,YES,playing,2.6,tvsen3.aynaott.com,https://tvsen3.aynaott.com/m94BZDYb/index.m3u8
Bharat Samachar (576p),BharatSamachar.in,IN News,YES,playing,3.0,mumt03.tangotv.in,https://mumt03.tangotv.in/Dsly5z3HBHARATSAMACHAR/index.m3u8
Bharat24 (576p),Bharat24.in,IN News,YES,playing,3.1,streams.tangotv.in,https://streams.tangotv.in/BHARAT24/ORIGIN/index.m3u8
Bharat24 (576p),Bharat24.in,IN News,YES,playing,3.0,mumt06.tangotv.in,https://mumt06.tangotv.in/qYyB8fXVBHARAT24/index.m3u8
Bharat24 (720p),Bharat24.in,IN News,YES,playing,4.9,cdn.ottlive.co.in,https://cdn.ottlive.co.in/bharat24/index.m3u8
BIG TV (576p),BIGTV.in,IN News,YES,playing,2.5,yuppnimresmum.akamaized.net,https://yuppnimresmum.akamaized.net/120723/smil:bigtv.smil/playlist.m3u8?hdnts=st=1735898689~exp=1835898688~acl=*~hmac=f5fe24724fe05481e3841f9eb5ab8efdee0a3dd83645ae9dcf45703f525bab7b
BIG TV (576p),BIGTV.in,IN News,YES,playing,3.1,mumbai-edge.smartplaytv.in,https://mumbai-edge.smartplaytv.in/BIGTV/index.m3u8
BIG TV (720p),BIGTV.in,IN News,YES,playing,2.4,cdn.pishow.tv,https://cdn.pishow.tv/ott/live/1059/master.m3u8
Big TV 24x7 (576i),BigTV24x7.in,IN News,YES,playing,0.6,d2gvyg6lvauoko.cloudfront.net,https://d2gvyg6lvauoko.cloudfront.net/230226/bigtvmalyalam/chunks.m3u8
Big TV 24x7 (576i),BigTV24x7.in,IN News,YES,playing,0.6,d2gvyg6lvauoko.cloudfront.net,https://d2gvyg6lvauoko.cloudfront.net/230226/bigtvmalyalam/playlist.m3u8?hdnts=st=1735898689~exp=1835898688~acl=*~hmac=f5fe24724fe05481e3841f9eb5ab8efdee0a3dd83645ae9dcf45703f525bab7b
BRK News (576p),BRKNews.in,IN News,YES,playing,0.9,d2gvyg6lvauoko.cloudfront.net,https://d2gvyg6lvauoko.cloudfront.net/230226/brknews/playlist.m3u8?hdnts=st=1735898689~exp=1835898688~acl=*~hmac=f5fe24724fe05481e3841f9eb5ab8efdee0a3dd83645ae9dcf45703f525bab7b
BRK News (576p),BRKNews.in,IN News,YES,playing,2.4,cdn.pishow.tv,https://cdn.pishow.tv/ott/live/1037/master.m3u8
BT TV (720p),BTTV.in,IN News,YES,playing,3.0,feeds.intoday.in,https://feeds.intoday.in/bttv/itgd.m3u8
Capital TV,CapitalTV.pk,PK News,YES,playing,1.5,cdn4.mjunoon.tv:8087,https://cdn4.mjunoon.tv:8087/streamtest/111M/chunks.m3u8
Chardikla Gurbaani TV (1080p),ChardiklaGurbaaniTV.in,IN News,YES,playing,0.7,chardikalatimestv.gigabitcdn.net,https://chardikalatimestv.gigabitcdn.net/in-chardikala/chardikala-gurbani-tv/playlist.m3u8
Chardikla Time TV (1080p),ChardiklaTimeTV.in,IN News,YES,playing,0.7,chardikalagurbanitv.gigabitcdn.net,https://chardikalagurbanitv.gigabitcdn.net/in-chardikala/chardikala-timetv/playlist.m3u8
Chardikla Time TV (576p),ChardiklaTimeTV.in,IN News,YES,playing,3.1,streams.tangotv.in,https://streams.tangotv.in/CHARDIKALATIMETV/ORIGIN/index.m3u8
Chardikla Time TV (576p),ChardiklaTimeTV.in,IN News,YES,playing,3.0,mumt07.tangotv.in,https://mumt07.tangotv.in/zHjX9OFlCHARDIKALATIMETV/index.m3u8
Chardikla Time TV North America (1080p),ChardiklaTimeTVNorthAmerica.in,IN News,YES,playing,0.7,chardikalanorthamerica.gigabitcdn.net,https://chardikalanorthamerica.gigabitcdn.net/in-chardikala/chardikala-north-usa/playlist.m3u8
Cnews Bharat (720p),CnewsBharat.in,IN News,YES,playing,3.0,legitpro.co.in,https://legitpro.co.in/cnews/cnews/index.fmp4.m3u8
CVR English (576p),CVREnglish.in,IN News,YES,playing,2.5,yuppnimrestreammum.akamaized.net,https://yuppnimrestreammum.akamaized.net/181224/smil:cvrnewseng.smil/playlist.m3u8?hdnts=st=1735898689~exp=1835898688~acl=*~hmac=f5fe24724fe05481e3841f9eb5ab8efdee0a3dd83645ae9dcf45703f525bab7b
CVR English (576p),CVREnglish.in,IN News,YES,playing,3.1,mumbai-edge.smartplaytv.in,https://mumbai-edge.smartplaytv.in/CVREnglishNews/index.m3u8
CVR English (720p),CVREnglish.in,IN News,YES,playing,2.4,cdn.pishow.tv,https://cdn.pishow.tv/ott/live/425/master.m3u8
CVR News (576p),CVRNews.in,IN News,YES,playing,3.3,mumbai-edge.smartplaytv.in,https://mumbai-edge.smartplaytv.in/CVRNews/index.m3u8
Daily Post TV (1080p),DailyPostTV.in,IN News,YES,playing,3.0,vglivessai.akamaized.net,https://vglivessai.akamaized.net/sg/v1/master/611d79b11b77e2f571934fd80ca1413453772ac7/103b8dd3-a888-4d1d-89a5-8a4bc25e48c1/index.m3u8
Daily Post TV (576p),DailyPostTV.in,IN News,YES,playing,3.0,streams.tangotv.in,https://streams.tangotv.in/DAILYPOST/ORIGIN/index.m3u8
DD Mizoram (504p),DDMizoram.in,IN News,YES,playing,0.5,d2lk5u59tns74c.cloudfront.net,https://d2lk5u59tns74c.cloudfront.net/out/v1/eea48c6b61074052a2fa8532ff795ff1/index.m3u8
DD News (1080p),DDNews.in,IN News,YES,playing,3.2,mumbai-edge.smartplaytv.in,https://mumbai-edge.smartplaytv.in/DDNews/index.m3u8
DD News (576p),DDNews.in,IN News,YES,playing,3.0,streams.tangotv.in,https://streams.tangotv.in/DDNEWS/ORIGIN/index.m3u8
DD News HD (1080p),DDNews.in@HD,IN News,YES,playing,1.0,d3qs3d2rkhfqrt.cloudfront.net,https://d3qs3d2rkhfqrt.cloudfront.net/out/v1/0811cd8c37ca4c409d5385a6cd2fa18b/index.m3u8
Dunya News (INT Feed) (720p),DunyaNews.pk,PK News,YES,playing,2.2,intl.dunyanews.tv,https://intl.dunyanews.tv/livehd/ngrp:dunyalivehd_2_all/playlist.m3u8
Dunya News (INT Feed) (720p),DunyaNews.pk,PK News,YES,playing,2.3,imob.dunyanews.tv,https://imob.dunyanews.tv/livehd/ngrp:dunyalivehd_2_all/playlist.m3u8
Ekamra Bharat Odia (400p),EkamraBharatOdia.in,IN News,YES,playing,3.2,live.ekamraott.com,https://live.ekamraott.com/bharat/bharat/index.m3u8
ETV News (1080p),ETVNews.in,IN News,YES,playing,3.4,cc-3448kp65yhc5w.akamaized.net,https://cc-3448kp65yhc5w.akamaized.net/WWBI/Amagi/ETV_News_IN/playlist.m3u8
First India News (360p),FirstIndiaNews.in,IN News,YES,playing,1.9,xlbor37ydvaj-hls-live.wmncdn.net,https://xlbor37ydvaj-hls-live.wmncdn.net/firstindianewstv1/live.stream/index.m3u8
First India News (576p),FirstIndiaNews.in,IN News,YES,playing,2.9,mumt03.tangotv.in,https://mumt03.tangotv.in/Dsly5z3H1STINDIANEWS/index.m3u8
Global Punjab (1080p),GlobalPunjab.in,IN News,YES,playing,3.0,server.livelegitpro.in,https://server.livelegitpro.in/globalpunjab/globalpunjab/index.m3u8
Good News Today (720p),GoodNewsToday.in,IN News,YES,playing,2.9,cc-89m9zu7a2upfe.akamaized.net,https://cc-89m9zu7a2upfe.akamaized.net/hls/live/2016145/gnt/gntlive/playlist.m3u8
Good News Today (720p),GoodNewsToday.in,IN News,YES,playing,5.2,aajtaklive.vgcdn.net,https://aajtaklive.vgcdn.net/v1/master/611d79b11b77e2f571934fd80ca1413453772ac7/3196cced-ce29-4219-9809-f07ccdaa02b9/vglive-sk-848805/master.m3u8
GS TV (576p),GSTV.in,IN News,YES,playing,2.9,mumt05.tangotv.in,https://mumt05.tangotv.in/87NeALx2GSTV/index.m3u8
GTC News (1080p),GTCNews.in,IN News,YES,playing,4.5,vglivessai.akamaized.net,https://vglivessai.akamaized.net/sg/v1/master/611d79b11b77e2f571934fd80ca1413453772ac7/921cca59-daee-4f89-8c38-7ffe8de44f4c/index.m3u8
GTC News (576p),GTCNews.in,IN News,YES,playing,2.9,mumt03.tangotv.in,https://mumt03.tangotv.in/Dsly5z3HGTCNEWS/index.m3u8
Guarantee News (1080p),GuaranteeNews.in,IN News,YES,playing,1.8,guaranteenews.in:8443,https://guaranteenews.in:8443/live/gnews/index.m3u8
Guarantee News (576p),GuaranteeNews.in,IN News,YES,playing,2.9,mumt03.tangotv.in,https://mumt03.tangotv.in/Dsly5z3HGAURANTEENEWS/index.m3u8
Gujarat First (576p),GujaratFirst.in,IN News,YES,playing,0.9,d2gvyg6lvauoko.cloudfront.net,https://d2gvyg6lvauoko.cloudfront.net/230226/gujaratfirst/playlist.m3u8?hdnts=st=1735898689~exp=1835898688~acl=*~hmac=f5fe24724fe05481e3841f9eb5ab8efdee0a3dd83645ae9dcf45703f525bab7b
Gujarat First (576p),GujaratFirst.in,IN News,YES,playing,2.9,mumt03.tangotv.in,https://mumt03.tangotv.in/Dsly5z3HGUJARATFIRST/index.m3u8
Headlines Tripura (720p),HeadlinesTripura.in,IN News,YES,playing,3.0,distro.ottlive.co.in,https://distro.ottlive.co.in/headlinestripura/headlinestripura/index.m3u8
High News (480p),HighNews.in,IN News,YES,playing,1.4,highmedia.livebox.co.in,https://highmedia.livebox.co.in/HIGHNEWShls/LIVE.m3u8
Hindi Khabar (1080p),HindiKhabar.in,IN News,YES,playing,3.5,stream.ottlive.co.in,https://stream.ottlive.co.in/hindikhabar/index.m3u8
Hindi Khabar (396p),HindiKhabar.in,IN News,YES,playing,0.8,d1msejlow1t3l4.cloudfront.net,https://d1msejlow1t3l4.cloudfront.net/fta/hindikhabar/playlist.m3u8
Hindi Khabar (576p),HindiKhabar.in,IN News,YES,playing,3.1,mumt04.tangotv.in,https://mumt04.tangotv.in/m18aqlK4HINDIKHABAR/index.m3u8
HMTV (576p),HMTV.in,IN News,YES,playing,2.5,yuppnimresmum.akamaized.net,https://yuppnimresmum.akamaized.net/28072023/smil:hmtv.smil/playlist.m3u8?hdnts=st=1735898689~exp=1835898688~acl=*~hmac=f5fe24724fe05481e3841f9eb5ab8efdee0a3dd83645ae9dcf45703f525bab7b
HMTV (576p),HMTV.in,IN News,YES,playing,3.2,mumbai-edge.smartplaytv.in,https://mumbai-edge.smartplaytv.in/HMTV/index.m3u8
HMTV (720p),HMTV.in,IN News,YES,playing,2.4,cdn.pishow.tv,https://cdn.pishow.tv/ott/live/280/master.m3u8
Hornbill TV (396p),HornbillTV.in,IN News,YES,playing,1.0,d1msejlow1t3l4.cloudfront.net,https://d1msejlow1t3l4.cloudfront.net/fta/hornbilltv/playlist.m3u8
Hornbill TV (576p),HornbillTV.in,IN News,YES,playing,2.4,cdn.pishow.tv,https://cdn.pishow.tv/ott/live/1463/master.m3u8
Hornbill TV (576p),HornbillTV.in,IN News,YES,playing,2.9,mumt01.tangotv.in,https://mumt01.tangotv.in/O5aw8Zn3HORNBILLTV/index.m3u8
IBC 24 (576p),IBC24.in,IN News,YES,playing,2.9,mumt05.tangotv.in,https://mumt05.tangotv.in/87NeALx2IBC24/index.m3u8
IBC 24 (576p),IBC24.in,IN News,YES,playing,2.9,mumt03.tangotv.in,https://mumt03.tangotv.in/Dsly5z3HC10/index.m3u8
India Ahead (576p),IndiaAhead.in,IN News,YES,playing,2.4,cdn.pishow.tv,https://cdn.pishow.tv/ott/live/269/master.m3u8
India Ahead (576p),IndiaAhead.in,IN News,YES,playing,3.0,mumt05.tangotv.in,https://mumt05.tangotv.in/87NeALx2INDIAAHEAD/index.m3u8
India Daily Live (1080p),IndiaDailyLive.in,IN News,YES,playing,1.2,indiadaily.ottlive.co.in,https://indiadaily.ottlive.co.in/indiadailylive/index.m3u8
India Today (720p),IndiaToday.in,IN News,YES,playing,0.4,d1rc86nwwc9fag.cloudfront.net,https://d1rc86nwwc9fag.cloudfront.net/vglive-sk-293160/master.m3u8
India Today (720p),IndiaToday.in,IN News,YES,playing,1.7,amg00644-amg00644c1-ondemandkorea-amesia-10266.playouts.now.amagi.tv,https://amg00644-amg00644c1-ondemandkorea-amesia-10266.playouts.now.amagi.tv/playlist/amg00644-tvtodaynetworkltdfast-indiatoday-ondemandkoreaamesia/playlist.m3u8
India Today (720p),IndiaToday.in,IN News,YES,playing,2.7,indiatodaylive.akamaized.net,https://indiatodaylive.akamaized.net/hls/live/2014320/indiatoday/indiatodaylive/playlist.m3u8
India TV (576p),IndiaTV.in,IN News,YES,playing,3.0,streams.tangotv.in,https://streams.tangotv.in/INDIATV/ORIGIN/index.m3u8
India TV (720p),IndiaTV.in,IN News,YES,playing,0.5,pl-indiatvnews.akamaized.net,https://pl-indiatvnews.akamaized.net/out/v1/db79179b608641ceaa5a4d0dd0dca8da/index.m3u8
India TV Aap Ki Adalat (1080p),IndiaTVAapKiAdalat.in,IN News,YES,playing,3.6,amg01550-amg01550c6-samsung-in-4679.playouts.now.amagi.tv,https://amg01550-amg01550c6-samsung-in-4679.playouts.now.amagi.tv/playlist/amg01550-indiatvfast-indiatvakasamsung-samsungin/playlist.m3u8
India TV Speed News (1080p),IndiaTVSpeedNews.in,IN News,YES,playing,2.9,cc-lyf4c0hwzg5dd.akamaized.net,https://cc-lyf4c0hwzg5dd.akamaized.net/v1/vglive-sk-479089/main.m3u8
India TV Speed News (1080p),IndiaTVSpeedNews.in,IN News,YES,playing,3.9,cc-lyf4c0hwzg5dd.akamaized.net,https://cc-lyf4c0hwzg5dd.akamaized.net/v1/master/3722c60a815c199d9c0ef36c5b73da68a62b09d1/cc-lyf4c0hwzg5dd/v1/vglive-sk-479089/main.m3u8
India Voice (576p),IndiaVoice.in,IN News,YES,playing,0.9,d1msejlow1t3l4.cloudfront.net,https://d1msejlow1t3l4.cloudfront.net/fta/indiavoice/playlist.m3u8
Indywood TV (720p),IndywoodTV.in,IN News,YES,playing,1.4,43wrzjnpqoxe-hls-live.wmncdn.net,https://43wrzjnpqoxe-hls-live.wmncdn.net/indywood/indywoodtv/index.m3u8
INews (576p),INews.in,IN News,YES,playing,2.7,yuppnimresmum.akamaized.net,https://yuppnimresmum.akamaized.net/28072023/smil:inews.smil/playlist.m3u8?hdnts=st=1735898689~exp=1835898688~acl=*~hmac=f5fe24724fe05481e3841f9eb5ab8efdee0a3dd83645ae9dcf45703f525bab7b
INews (576p),INews.in,IN News,YES,playing,2.9,mumt03.tangotv.in,https://mumt03.tangotv.in/Dsly5z3HINEWS/index.m3u8
INews (720p),INews.in,IN News,YES,playing,2.4,cdn.pishow.tv,https://cdn.pishow.tv/ott/live/411/master.m3u8
INH 24x7 (360p),INH24x7.in,IN News,YES,playing,3.4,7epd6o8edk9b-hls-live.wmncdn.net,https://7epd6o8edk9b-hls-live.wmncdn.net/inh24/live.stream/playlist.m3u8
INH 24x7 (396p),INH24x7.in,IN News,YES,playing,0.8,d1msejlow1t3l4.cloudfront.net,https://d1msejlow1t3l4.cloudfront.net/fta/inh24x7/playlist.m3u8
Jai Maharashtra (576p),JaiMaharashtra.in,IN News,YES,playing,0.9,d1msejlow1t3l4.cloudfront.net,https://d1msejlow1t3l4.cloudfront.net/fta/jaimaharashtra/playlist.m3u8
Janam TV (576p),JanamTV.in,IN News,YES,playing,0.9,yuppmedtaorire.akamaized.net,https://yuppmedtaorire.akamaized.net/v1/master/a0d007312bfd99c47f76b77ae26b1ccdaae76cb1/janamtv_nim_https/140622/janamtv/playlist.m3u8
Janam TV (576p),JanamTV.in,IN News,YES,playing,2.9,mumt03.tangotv.in,https://mumt03.tangotv.in/Dsly5z3HJANAMTV/index.m3u8
Janta TV (1080p),JantaTV.in,IN News,YES,playing,0.6,live.jswk.online,https://live.jswk.online/IK_RTPM/live/index.m3u8
Jantantra TV (576p),JantantraTV.in,IN News,YES,playing,0.9,d1msejlow1t3l4.cloudfront.net,https://d1msejlow1t3l4.cloudfront.net/fta/jantantratv/playlist.m3u8
Jantantra TV (576p),JantantraTV.in,IN News,YES,playing,2.9,mumt05.tangotv.in,https://mumt05.tangotv.in/87NeALx2JANTANTRA/index.m3u8
K News India (576p),KNewsIndia.in,IN News,YES,playing,3.0,mumt07.tangotv.in,https://mumt07.tangotv.in/zHjX9OFlKNEWSINDIA/index.m3u8
Kadak (1080p),Kadak.in,IN News,YES,playing (retry 2),4.1,n18syndication.akamaized.net,https://n18syndication.akamaized.net/bpk-tv/Kadak_NW18_MOB/output01/master.m3u8
Kairali News (576p),KairaliNews.in,IN News,YES,playing,2.9,mumt01.tangotv.in,https://mumt01.tangotv.in/O5aw8Zn3KAIRALINEWS/index.m3u8
Kairali News (720p),KairaliNews.in,IN News,YES,playing,2.4,cdn.pishow.tv,https://cdn.pishow.tv/ott/live/1469/master.m3u8
Kalinga TV (576p),KalingaTV.in,IN News,YES,playing,2.9,mumt01.tangotv.in,https://mumt01.tangotv.in/O5aw8Zn3KALINGATV/index.m3u8
Kalinga TV (576p),KalingaTV.in,IN News,YES,playing,3.2,mumbai-edge.smartplaytv.in,https://mumbai-edge.smartplaytv.in/kalingatv/index.m3u8
Kalinga TV (720p),KalingaTV.in,IN News,YES,playing,2.6,server.thelegitpro.in,https://server.thelegitpro.in/kalingatv/kalingatv/index.m3u8
Kashish News (576p),KashishNews.in,IN News,YES,playing,0.9,d1msejlow1t3l4.cloudfront.net,https://d1msejlow1t3l4.cloudfront.net/fta/kashishnews/playlist.m3u8
Kashish News (720p),KashishNews.in,IN News,YES,playing,2.5,server.thelegitpro.in,https://server.thelegitpro.in/kashishnews/kashishnews/index.m3u8
KBC News (1080p),KBCNews.in,IN News,YES,playing,3.8,stream.ottlive.co.in,https://stream.ottlive.co.in/kbcnews/index.m3u8
KBP Times (1080p),KBPTimes.in,IN News,YES,playing,4.5,kbpnews.cloud,https://kbpnews.cloud/Kbptimes/Kbptimeslive/video.m3u8
Khabar Fast (576p),KhabarFast.in,IN News,YES,playing,3.0,mumt04.tangotv.in,https://mumt04.tangotv.in/m18aqlK4KHABARFAST/index.m3u8
Khabrain Abhi Tak (396p),KhabrainAbhiTak.in,IN News,YES,playing,0.9,d1msejlow1t3l4.cloudfront.net,https://d1msejlow1t3l4.cloudfront.net/fta/khabreinabhitak/playlist.m3u8
Khabrain Abhi Tak (576p),KhabrainAbhiTak.in,IN News,YES,playing,3.1,mumt05.tangotv.in,https://mumt05.tangotv.in/87NeALx2KHABRAINABHITAK/index.m3u8
Kolkata TV (1080p),KolkataTV.in,IN News,YES,playing,1.5,cdn.ottlive.co.in,https://cdn.ottlive.co.in/kolkatatv/index.m3u8
Kolkata TV (576p),KolkataTV.in,IN News,YES,playing,2.5,tvsen6.aynaott.com,https://tvsen6.aynaott.com/kolkatatv/index.m3u8
Kolkata TV (576p),KolkataTV.in,IN News,YES,playing,2.9,mumt03.tangotv.in,https://mumt03.tangotv.in/Dsly5z3HKOLKATATV/index.m3u8
KTN News,KTNNews.pk,PK News,YES,playing,1.4,cdn4.mjunoon.tv:8087,https://cdn4.mjunoon.tv:8087/streamtest/151M/chunks.m3u8
KTN News (360p),KTNNews.pk,PK News,YES,playing,2.1,vodzong.mjunoon.tv:8087,https://vodzong.mjunoon.tv:8087/streamtest/KTNNews-151/playlist.m3u8
Lahore News (720p),LahoreNews.pk,PK News,YES,playing,2.4,vcdn.dunyanews.tv,https://vcdn.dunyanews.tv/lahorelive/ngrp:lnews_1_all/playlist.m3u8
Live Times (576p),LiveTimes.in,IN News,YES,playing,2.9,mumt01.tangotv.in,https://mumt01.tangotv.in/O5aw8Zn3LIVETIMES/index.m3u8
Live Times (720p),LiveTimes.in,IN News,YES,playing,4.7,stream.ottlive.co.in,https://stream.ottlive.co.in/livetimetv/index.m3u8
Living India News (1080p),LivingIndiaNews.in,IN News,YES,playing,3.0,stream.ottlive.co.in,https://stream.ottlive.co.in/livingindia/index.m3u8
Living India News (576p),LivingIndiaNews.in,IN News,YES,playing,3.0,streams.tangotv.in,https://streams.tangotv.in/LIVINGINDIANEWS/ORIGIN/index.m3u8
Lokshahi News (576p),LokshahiNews.in,IN News,YES,playing,3.0,mumt05.tangotv.in,https://mumt05.tangotv.in/87NeALx2LOKSAAHI/index.m3u8
M News (1080p),MNews.pk,PK News,YES,playing,2.8,cdn.rabta.stream,https://cdn.rabta.stream/M-News/index.m3u8
Madhimugam TV (576p),MadhimugamTV.in,IN News,YES,playing,1.3,yuppparoriglin.akamaized.net,https://yuppparoriglin.akamaized.net/181224/smil:mathimugam.smil/playlist.m3u8?hdnts=st=1735898689~exp=1835898688~acl=*~hmac=f5fe24724fe05481e3841f9eb5ab8efdee0a3dd83645ae9dcf45703f525bab7b
Madhimugam TV (576p),MadhimugamTV.in,IN News,YES,playing,2.4,cdn.pishow.tv,https://cdn.pishow.tv/ott/live/1476/master.m3u8
Madhimugam TV (576p),MadhimugamTV.in,IN News,YES,playing,2.9,mumt01.tangotv.in,https://mumt01.tangotv.in/O5aw8Zn3MATHIMUGAMTV/index.m3u8
Mahaa News (1080p),MahaaNews.in,IN News,YES,playing,3.1,mumbai-edge.smartplaytv.in,https://mumbai-edge.smartplaytv.in/MahaNews/index.m3u8
Mahaa News (576p),MahaaNews.in,IN News,YES,playing,2.4,yuppnimrestreammum.akamaized.net,https://yuppnimrestreammum.akamaized.net/181224/smil:mahatv.smil/playlist.m3u8?hdnts=st=1735898689~exp=1835898688~acl=*~hmac=f5fe24724fe05481e3841f9eb5ab8efdee0a3dd83645ae9dcf45703f525bab7b
Mahaa News (576p),MahaaNews.in,IN News,YES,playing,2.9,mumt07.tangotv.in,https://mumt07.tangotv.in/zHjX9OFlMAHAANEWS/index.m3u8
Malai Murasu TV (1080p),MalaiMurasuTV.in,IN News,YES,playing,2.3,amg17783-amg17783c1-amgplt0173.playout.now3.amagi.tv,https://amg17783-amg17783c1-amgplt0173.playout.now3.amagi.tv/playlist/amg17783-amg17783c1-amgplt0173/playlist.m3u8
Malai Murasu TV (576p),MalaiMurasuTV.in,IN News,YES,playing,3.0,streams.tangotv.in,https://streams.tangotv.in/MALAIMURASUSEITHIGAL/ORIGIN/index.m3u8
Malai Murasu TV (720p),MalaiMurasuTV.in,IN News,YES,playing,2.4,cdn.pishow.tv,https://cdn.pishow.tv/ott/live/1606/master.m3u8
Manorama News (1080p),ManoramaNews.in,IN News,YES,playing,2.0,mmtvnews1.akamaized.net,https://mmtvnews1.akamaized.net/v1/master/673630b269b766886555eebfddd4f27f3de3ab50/mmtvNewsCampaign1/index.m3u8
Manorama News (576p),ManoramaNews.in,IN News,YES,playing,3.0,streams.tangotv.in,https://streams.tangotv.in/MANORAMANEWSNORTH/ORIGIN/index.m3u8
Mantavya News (576p),MantavyaNews.in,IN News,YES,playing,0.9,d1msejlow1t3l4.cloudfront.net,https://d1msejlow1t3l4.cloudfront.net/fta/mantavya/playlist.m3u8
Mantavya News (576p),MantavyaNews.in,IN News,YES,playing,2.9,mumt07.tangotv.in,https://mumt07.tangotv.in/zHjX9OFlMANTAVYA24X7NEWS/index.m3u8
Mathrubhumi News,MathrubhumiNews.in,IN News,YES,playing,1.9,mathrubhumicdn.vidgyor.com,https://mathrubhumicdn.vidgyor.com/mathrubhumi-origin/liveabr/playlist.m3u8
Mathrubhumi News (576p),MathrubhumiNews.in,IN News,YES,playing,0.5,yuppmedtaorire.akamaized.net,https://yuppmedtaorire.akamaized.net/v1/master/a0d007312bfd99c47f76b77ae26b1ccdaae76cb1/mathrubhuminews_nim_https/110322/mathrubhuminews/playlist.m3u8
Mathrubhumi News (576p),MathrubhumiNews.in,IN News,YES,playing,3.1,streams.tangotv.in,https://streams.tangotv.in/MATHRUBHUMINEWS/ORIGIN/index.m3u8
Media One (576p),MediaOne.in,IN News,YES,playing,3.0,streams.tangotv.in,https://streams.tangotv.in/MEDIAONETV/ORIGIN/index.m3u8
Media One (720p),MediaOne.in,IN News,YES,playing,2.4,cdn.pishow.tv,https://cdn.pishow.tv/ott/live/1481/master.m3u8
MediBizTV (720p),MediBizTV.in,IN News,YES,playing,1.4,43wrzjnpqoxe-hls-live.wmncdn.net,https://43wrzjnpqoxe-hls-live.wmncdn.net/marinebiztvlive/marinebiztvlive/playlist.m3u8
Mh 1 News (576p),Mh1News.in,IN News,YES,playing,0.6,livestream.jswk.online,https://livestream.jswk.online/mhonenews/live/playlist.m3u8
Mh 1 News (576p),Mh1News.in,IN News,YES,playing,3.0,streams.tangotv.in,https://streams.tangotv.in/MHONENEWS/ORIGIN/index.m3u8
Mh 1 News (576p),Mh1News.in,IN News,YES,playing,2.9,mumt04.tangotv.in,https://mumt04.tangotv.in/m18aqlK4MHONENEWS/index.m3u8
Mirror Now (720p),MirrorNow.in,IN News,YES,playing,3.0,dai.google.com,https://dai.google.com/linear/hls/event/ClPOullTQky5vGPf7fMZ8g/master.m3u8
Mojo TV (576p),MojoTV.in,IN News,YES,playing,2.9,mumt07.tangotv.in,https://mumt07.tangotv.in/zHjX9OFlMOJOTV/index.m3u8
Moon TV,MoonTV.in,IN News,YES,playing,2.4,cdn.pishow.tv,https://cdn.pishow.tv/ott/live/1121/master.m3u8
Moon TV (576p),MoonTV.in,IN News,YES,playing,0.9,d1msejlow1t3l4.cloudfront.net,https://d1msejlow1t3l4.cloudfront.net/fta/moontv/playlist.m3u8
Munsif TV (576p),MunsifTV.in,IN News,YES,playing,3.0,live1.ottlive.co.in,https://live1.ottlive.co.in/munsiftv/munsiftv/index.m3u8
Nation News (720p),NationNews.in,IN News,YES,playing,3.6,server.playontv.in,https://server.playontv.in/nationnews/index.m3u8
NDTV 24X7 (480p),NDTV24x7.in,IN News,YES,playing,1.6,ndtv24x7elemarchana.akamaized.net,https://ndtv24x7elemarchana.akamaized.net/hls/live/2003678/ndtv24x7/master.m3u8
NDTV 24x7 (720p),NDTV24x7.in,IN News,YES,playing,0.8,raw.githubusercontent.com,https://raw.githubusercontent.com/amazeyourself/adaptive-streams/refs/heads/main/streams/in/YuppTV/NDTV24x7.m3u8
NDTV India (480p),NDTVIndia.in,IN News,YES,playing,2.6,ndtvindiaelemarchana.akamaized.net,https://ndtvindiaelemarchana.akamaized.net/hls/live/2003679/ndtvindia/master.m3u8
NDTV India (720p),NDTVIndia.in,IN News,YES,playing,0.7,raw.githubusercontent.com,https://raw.githubusercontent.com/amazeyourself/adaptive-streams/refs/heads/main/streams/in/YuppTV/NDTVIndia.m3u8
NDTV India (720p),NDTVIndia.in,IN News,YES,playing,3.2,mumbai-edge.smartplaytv.in,https://mumbai-edge.smartplaytv.in/NDTVIndia/index.m3u8
NDTV Madhya Pradesh Chhattisgarh (1080p),NDTVMadhyaPradeshChhattisgarh.in,IN News,YES,playing,3.0,ndtvregional.akamaized.net,https://ndtvregional.akamaized.net/hls/live/2102726-b/ndtvmpcg/master_1.m3u8
NDTV Marathi (1080p),NDTVMarathi.in,IN News,YES,playing,2.6,web-ndtv-marathi.akamaized.net,https://web-ndtv-marathi.akamaized.net/hls/live/2110470/ndtvmarathi/master_1.m3u8
NDTV Rajasthan (1080p),NDTVRajasthan.in,IN News,YES,playing,2.6,ndtvregional.akamaized.net,https://ndtvregional.akamaized.net/hls/live/2102726-b/ndtvraj/master_1.m3u8
NE News (576p),NENews.in,IN News,YES,playing,2.9,mumt05.tangotv.in,https://mumt05.tangotv.in/87NeALx2NENEWS/index.m3u8
Neo News (1080p),NeoNews.pk,PK News,YES,playing,2.2,vodzong.mjunoon.tv:8087,https://vodzong.mjunoon.tv:8087/streamtest/Neo-110/playlist.m3u8
News 1 India (396p),News1India.in,IN News,YES,playing,0.9,d1msejlow1t3l4.cloudfront.net,https://d1msejlow1t3l4.cloudfront.net/fta/news1india/playlist.m3u8
News 1 India (576p),News1India.in,IN News,YES,playing,2.9,mumt07.tangotv.in,https://mumt07.tangotv.in/zHjX9OFlNEWS1INDIA/index.m3u8
News 1st (576p),News1st.in,IN News,YES,playing,0.9,d1msejlow1t3l4.cloudfront.net,https://d1msejlow1t3l4.cloudfront.net/fta/News1st/playlist.m3u8
News 1st (576p),News1st.in,IN News,YES,playing,2.4,cdn.pishow.tv,https://cdn.pishow.tv/ott/live/268/master.m3u8
News 1st (576p),News1st.in,IN News,YES,playing,2.9,mumt03.tangotv.in,https://mumt03.tangotv.in/Dsly5z3HNEWS1STKANNADA/index.m3u8
News 24 (576p),News24.in,IN News,YES,playing,2.5,tvsen5.aynaott.com,https://tvsen5.aynaott.com/News24/index.m3u8
News 24 (576p),News24.in,IN News,YES,playing,2.9,mumt01.tangotv.in,https://mumt01.tangotv.in/O5aw8Zn3NEWS24/index.m3u8
News 24 MP & Chhattisgarh (576p),News24MPChhattisgarh.in,IN News,YES,playing,2.9,mumt04.tangotv.in,https://mumt04.tangotv.in/m18aqlK4NEWS24MPCG/index.m3u8
News 7 Tamil (576p),News7Tamil.in,IN News,YES,playing,0.7,segment.yuppcdn.net,https://segment.yuppcdn.net/240122/news7/playlist.m3u8
News 7 Tamil (576p),News7Tamil.in,IN News,YES,playing,2.9,mumt07.tangotv.in,https://mumt07.tangotv.in/zHjX9OFlNEWS7TAMIL/index.m3u8
News 7 Tamil (576p),News7Tamil.in,IN News,YES,playing,3.0,streams.tangotv.in,https://streams.tangotv.in/NEWS7TAMIL/ORIGIN/index.m3u8
News Capital Gujarat (1080p),NewsCapitalGujarat.in,IN News,YES,playing,3.3,newscapital.com,https://newscapital.com/hls/main4/stream.m3u8
News Daily 24 (576p),NewsDaily24.in,IN News,YES,playing,2.4,cdn.pishow.tv,https://cdn.pishow.tv/ott/live/10009/master.m3u8
News Daily 24 (576p),NewsDaily24.in,IN News,YES,playing,2.9,mumt01.tangotv.in,https://mumt01.tangotv.in/O5aw8Zn3NEWSDAILY24/index.m3u8
News India 24x7,NewsIndia24x7.in,IN News,YES,playing,2.4,cdn.pishow.tv,https://cdn.pishow.tv/ott/live/273/master.m3u8
News J (720p),NewsJ.in,IN News,YES,playing,2.4,cdn.pishow.tv,https://cdn.pishow.tv/ott/live/1279/master.m3u8
News Live (576p),NewsLive.in,IN News,YES,playing,2.4,cdn.pishow.tv,https://cdn.pishow.tv/ott/live/10011/master.m3u8
News Live (576p),NewsLive.in,IN News,YES,playing,3.1,prideeast.thelegitpro.in,https://prideeast.thelegitpro.in/newslive/newslive/index.m3u8
News Live Bangla (576p),NewsLiveBangla.in,IN News,YES,playing,2.4,cdn.pishow.tv,https://cdn.pishow.tv/ott/live/10003/master.m3u8
News Live Bangla (576p),NewsLiveBangla.in,IN News,YES,playing,2.9,mumt06.tangotv.in,https://mumt06.tangotv.in/qYyB8fXVINDRADHANU/index.m3u8
News Live Bangla (576p),NewsLiveBangla.in,IN News,YES,playing,2.9,mumt01.tangotv.in,https://mumt01.tangotv.in/O5aw8Zn3NEWSLIVEBANGLA/index.m3u8
News Marathi 24x7 (720p),NewsMarathi24x7.in,IN News,YES,playing,3.2,live1.ottlive.co.in,https://live1.ottlive.co.in/newsmarathi/newsmarathi/index.m3u8
News Nation,NewsNation.in,IN News,YES,playing,2.4,cdn.pishow.tv,https://cdn.pishow.tv/ott/live/1493/master.m3u8
News Nation (1080p),NewsNation.in,IN News,YES,playing,1.1,d3qs3d2rkhfqrt.cloudfront.net,https://d3qs3d2rkhfqrt.cloudfront.net/out/v1/6cd2f649739a45ca9de1daf81cc7d0f2/index.m3u8
News Nation (576p),NewsNation.in,IN News,YES,playing,3.0,streams.tangotv.in,https://streams.tangotv.in/NEWSNATION/ORIGIN/index.m3u8
News Nation 81 (1080p),NewsNation81.in,IN News,YES,playing,3.9,live.newsnation81.com,https://live.newsnation81.com/newsnation81/newsnation81/index.m3u8
News One (720p),NewsOne.pk,PK News,YES,playing,2.0,vodzong.mjunoon.tv:8087,https://vodzong.mjunoon.tv:8087/streamtest/NEWS1-128/playlist.m3u8
News State MP & CHG (1080p),NewsStateMPCHG.in,IN News,YES,playing,4.1,jmp2.uk,https://jmp2.uk/stvp-IN4000012ML
News State Punjab Haryana Himachal (1080p),NewsStatePunjabHaryanaHimachal.in,IN News,YES,playing,3.9,jmp2.uk,https://jmp2.uk/stvp-IN300083R1
News State UP & UK (1080p),NewsStateUPUK.in,IN News,YES,playing,3.8,jmp2.uk,https://jmp2.uk/stvp-IN3000846P
News Tamil 24x7 (576p),NewsTamil24x7.in,IN News,YES,playing,2.4,cdn.pishow.tv,https://cdn.pishow.tv/ott/live/1433/master.m3u8
News Tamil 24x7 (576p),NewsTamil24x7.in,IN News,YES,playing,3.0,streams.tangotv.in,https://streams.tangotv.in/NEWSTAMIL24X7/ORIGIN/index.m3u8
News18 Assam North-East (1080p),News18AssamNorthEast.in,IN News,YES,playing,3.2,n18syndication.akamaized.net,https://n18syndication.akamaized.net/bpk-tv/News18_Assam_North_East_NW18_MOB/output01/master.m3u8
News18 Bangla (1080p),News18Bangla.in,IN News,YES,playing,3.5,n18syndication.akamaized.net,https://n18syndication.akamaized.net/bpk-tv/News18_Bangla_NW18_MOB/output01/master.m3u8
News18 Bihar Jharkhand (1080p),News18BiharJharkhand.in,IN News,YES,playing (retry 2),4.0,n18syndication.akamaized.net,https://n18syndication.akamaized.net/bpk-tv/News18_Bihar_Jharkhand_NW18_MOB/output01/master.m3u8
News18 Delhi NCR JK (1080p),News18DelhiNCRJK.in,IN News,YES,playing,3.5,n18syndication.akamaized.net,https://n18syndication.akamaized.net/bpk-tv/News18_JKLH_NW18_MOB/output01/master.m3u8
News18 Gujarati (1080p),News18Gujarati.in,IN News,YES,playing (retry 1),3.3,n18syndication.akamaized.net,https://n18syndication.akamaized.net/bpk-tv/News18_Gujarati_NW18_MOB/output01/master.m3u8
News18 India (1080p),News18India.in,IN News,YES,playing,3.3,n18syndication.akamaized.net,https://n18syndication.akamaized.net/bpk-tv/News18_India_NW18_MOB/output01/master.m3u8
News18 Kannada (1080p),News18Kannada.in,IN News,YES,playing,3.2,mumbai-edge.smartplaytv.in,https://mumbai-edge.smartplaytv.in/news18kannada/index.m3u8
News18 Kannada (1080p),News18Kannada.in,IN News,YES,playing (retry 1),3.2,n18syndication.akamaized.net,https://n18syndication.akamaized.net/bpk-tv/News18_Kannada_NW18_MOB/output01/master.m3u8
News18 Kerala (1080p),News18Kerala.in,IN News,YES,playing,3.4,n18syndication.akamaized.net,https://n18syndication.akamaized.net/bpk-tv/News18_Kerala_NW18_MOB/output01/master.m3u8
News18 Madhya Pradesh/Chhattisgarh (1080p),News18MadhyaPradeshChhattisgarh.in,IN News,YES,playing (retry 1),3.2,n18syndication.akamaized.net,https://n18syndication.akamaized.net/bpk-tv/News18_MP_Chhattisgarh_NW18_MOB/output01/master.m3u8
News18 Marathi (1080p),News18Marathi.in,IN News,YES,playing (retry 1),3.3,n18syndication.akamaized.net,https://n18syndication.akamaized.net/bpk-tv/News18_Lokmat_NW18_MOB/output01/master.m3u8
News18 Odia (1080p),News18Odia.in,IN News,YES,playing (retry 2),4.5,n18syndication.akamaized.net,https://n18syndication.akamaized.net/bpk-tv/News18_Odia_NW18_MOB/output01/master.m3u8
News18 Punjab/Haryana/Himachal (1080p),News18PunjabHaryanaHimachal.in,IN News,YES,playing (retry 1),3.3,n18syndication.akamaized.net,https://n18syndication.akamaized.net/bpk-tv/News18_Punjab_Haryana_HP_NW18_MOB/output01/master.m3u8
News18 Rajasthan (1080p),News18Rajasthan.in,IN News,YES,playing,3.5,n18syndication.akamaized.net,https://n18syndication.akamaized.net/bpk-tv/News18_Rajasthan_NW18_MOB/output01/master.m3u8
News18 Tamil Nadu (1080p),News18TamilNadu.in,IN News,YES,playing (retry 1),3.4,n18syndication.akamaized.net,https://n18syndication.akamaized.net/bpk-tv/News18_Tamil_Nadu_NW18_MOB/output01/master.m3u8
News18 Urdu (1080p),News18Urdu.in,IN News,YES,playing (retry 1),3.3,n18syndication.akamaized.net,https://n18syndication.akamaized.net/bpk-tv/News18_Urdu_NW18_MOB/output01/master.m3u8
News18 Uttar Pradesh Uttarakhand (1080p),News18UttarPradeshUttarakhand.in,IN News,YES,playing (retry 1),3.2,n18syndication.akamaized.net,https://n18syndication.akamaized.net/bpk-tv/News18_UP_Uttarakhand_NW18_MOB/output01/master.m3u8
News9Live (1080p),News9Live.in,IN News,YES,playing,1.4,amg01106-amg01106c3-amgplt0844.playout.now3.amagi.tv,https://amg01106-amg01106c3-amgplt0844.playout.now3.amagi.tv/ts-ap-s1-n1/playlist/amg01106-amg01106c3-amgplt0844/playlist.m3u8
News9Live (720p),News9Live.in,IN News,YES,playing,1.2,vg-tv9yupp.vgcdn.net,https://vg-tv9yupp.vgcdn.net/vglive-sk-526536/v1/019e01ace8511ea540a871e333268/019e01ad3da31ea55784752988551/main.m3u8
News9Live (720p),News9Live.in,IN News,YES,playing,2.9,mumt01.tangotv.in,https://mumt01.tangotv.in/O5aw8Zn3NEWS9/index.m3u8
NewsX (576p),NewsX.in,IN News,YES,playing,2.9,mumt01.tangotv.in,https://mumt01.tangotv.in/O5aw8Zn3NEWSX/index.m3u8
NewsX World (576p),NewsXWorld.in,IN News,YES,playing,2.9,mumt03.tangotv.in,https://mumt03.tangotv.in/Dsly5z3HNEWSXWORLD/index.m3u8
NK TV 24x7 (1080p),NKTV24x7.in,IN News,YES,playing,2.7,nktv.smartstream.video,https://nktv.smartstream.video/smartstream-us/nktvplus/nktvplus/chunks.m3u8
NK TV Bangla (1080p),NKTVBangla.in,IN News,YES,playing,3.6,nktv.smartstream.video,https://nktv.smartstream.video/smartstream-us/nkbangla/nkbangla/playlist.m3u8
Northeast Live (576p),NortheastLive.in,IN News,YES,playing,2.9,mumt01.tangotv.in,https://mumt01.tangotv.in/O5aw8Zn3NORTHEASTLIVE/index.m3u8
Northeast Live (720p),NortheastLive.in,IN News,YES,playing,2.5,server.thelegitpro.in,https://server.thelegitpro.in/northeastlive/northeastlive/index.fmp4.m3u8
NTV Telugu,NTVTelugu.in,IN News,YES,playing,2.4,cdn.pishow.tv,https://cdn.pishow.tv/ott/live/383/master.m3u8
NTV Telugu (1080p),NTVTelugu.in,IN News,YES,playing,3.2,mumbai-edge.smartplaytv.in,https://mumbai-edge.smartplaytv.in/NTVTelugu/index.m3u8
NTV Telugu (576p),NTVTelugu.in,IN News,YES,playing,2.9,yuppmedtaorire.akamaized.net,https://yuppmedtaorire.akamaized.net/v1/master/a0d007312bfd99c47f76b77ae26b1ccdaae76cb1/ntv_nim_https/110322/ntv/playlist.m3u8
Only Bharat (576p),OnlyBharat.in,IN News,YES,playing,2.9,mumt07.tangotv.in,https://mumt07.tangotv.in/zHjX9OFlONLYBHARAT/index.m3u8
Polimer News (576p),PolimerNews.in,IN News,YES,playing,0.3,segment.yuppcdn.net,https://segment.yuppcdn.net/110322/polimernews/playlist.m3u8
Polimer News (576p),PolimerNews.in,IN News,YES,playing,3.0,streams.tangotv.in,https://streams.tangotv.in/POLIMERNEWS/ORIGIN/index.m3u8
Polimer News (576p),PolimerNews.in,IN News,YES,playing,2.9,mumt05.tangotv.in,https://mumt05.tangotv.in/87NeALx2POLIMERNEWS/index.m3u8
Power TV (576p),PowerTV.in,IN News,YES,playing,2.7,powertvkannada.com,https://powertvkannada.com/hls/stream.m3u8
Power TV (576p),PowerTV.in,IN News,YES,playing,2.9,mumt06.tangotv.in,https://mumt06.tangotv.in/qYyB8fXVPOWERTV/index.m3u8
Pradesh24 Gujarati (1080p),Pradesh24Gujarati.in,IN News,YES,playing,2.7,stream2.livebox.co.in,https://stream2.livebox.co.in/pradesh24hls/live.m3u8
Prag News (576p),PragNews.in,IN News,YES,playing,1.5,hls.pragnews.com,https://hls.pragnews.com/master.m3u8
Prag News (576p),PragNews.in,IN News,YES,playing,3.0,streams.tangotv.in,https://streams.tangotv.in/PRAGNEWS/ORIGIN/index.m3u8
Prameya News7 (576p),PrameyaNews7.in,IN News,YES,playing,2.9,mumt03.tangotv.in,https://mumt03.tangotv.in/Dsly5z3HPRAMEYANEWS7/index.m3u8
Pratidin Time (576p),PratidinTime.in,IN News,YES,playing,0.9,d1msejlow1t3l4.cloudfront.net,https://d1msejlow1t3l4.cloudfront.net/fta/protidintime/playlist.m3u8
Pratidin Time (576p),PratidinTime.in,IN News,YES,playing,2.4,server.thelegitpro.in,https://server.thelegitpro.in/pratidintime/pratidintime/index.fmp4.m3u8
Pratidin Time (576p),PratidinTime.in,IN News,YES,playing,3.0,streams.tangotv.in,https://streams.tangotv.in/PROTIDINTIME/ORIGIN/index.m3u8
Prime News (1080p),PrimeNews.in,IN News,YES,playing,2.6,stream.ottlive.co.in,https://stream.ottlive.co.in/primenews/index.m3u8
Prime News (576p),PrimeNews.in,IN News,YES,playing,2.9,mumt07.tangotv.in,https://mumt07.tangotv.in/zHjX9OFlPRIMENEWS/index.m3u8
Prime9 News (576p),Prime9News.in,IN News,YES,playing,2.9,mumt01.tangotv.in,https://mumt01.tangotv.in/O5aw8Zn3PRIME9NEWS/index.m3u8
Prudent Media (1080p),PrudentMedia.in,IN News,YES,playing,0.3,prudentmcdn.rixcast.com,https://prudentmcdn.rixcast.com/prudentm.m3u8
PTC News (576p),PTCNews.in,IN News,YES,playing,2.4,cdn.pishow.tv,https://cdn.pishow.tv/ott/live/1502/master.m3u8
PTC News (576p),PTCNews.in,IN News,YES,playing,2.9,mumt06.tangotv.in,https://mumt06.tangotv.in/qYyB8fXVPTCNEWS/index.m3u8
PTC News (576p),PTCNews.in,IN News,YES,playing,3.1,streams.tangotv.in,https://streams.tangotv.in/PTCNEWS/ORIGIN/index.m3u8
Public TV (576p),PublicTV.in,IN News,YES,playing,2.9,mumt04.tangotv.in,https://mumt04.tangotv.in/m18aqlK4PUBLICTV/index.m3u8
Public TV (576p),PublicTV.in,IN News,YES,playing,3.0,streams.tangotv.in,https://streams.tangotv.in/PUBLICTV/ORIGIN/index.m3u8
Public TV (720p),PublicTV.in,IN News,YES,playing,2.4,cdn.pishow.tv,https://cdn.pishow.tv/ott/live/439/master.m3u8
Pudhari News (576p),PudhariNews.in,IN News,YES,playing,3.0,streams.tangotv.in,https://streams.tangotv.in/PUDHARINEWS/ORIGIN/index.m3u8
Puthiya Thalaimurai (576p),PuthiyaThalaimurai.in,IN News,YES,playing,0.5,segment.yuppcdn.net,https://segment.yuppcdn.net/240122/puthiya/playlist.m3u8
Puthiya Thalaimurai (576p),PuthiyaThalaimurai.in,IN News,YES,playing,2.9,mumt07.tangotv.in,https://mumt07.tangotv.in/zHjX9OFlPUTHIYAEXPRESS/index.m3u8
Puthiya Thalaimurai (576p),PuthiyaThalaimurai.in,IN News,YES,playing,3.1,streams.tangotv.in,https://streams.tangotv.in/PUTHIYATHALAIMURAI/ORIGIN/index.m3u8
Raatdin Bangla (720p),RaatdinBangla.in,IN News,YES,playing,3.3,server.playontv.in,https://server.playontv.in/raatdinbangla/index.m3u8
Raj News Kannada (576p),RajNewsKannada.in,IN News,YES,playing,2.9,mumt03.tangotv.in,https://mumt03.tangotv.in/Dsly5z3HRAJNEWSKANDA/index.m3u8
Raj News Malayalam (576p),RajNewsMalayalam.in,IN News,YES,playing,2.9,mumt04.tangotv.in,https://mumt04.tangotv.in/m18aqlK4RAJNEWSMALAYALAM/index.m3u8
Raj News Telugu (576p),RajNewsTelugu.in,IN News,YES,playing,3.0,mumt04.tangotv.in,https://mumt04.tangotv.in/m18aqlK4RAJNEWSTELUGU/index.m3u8
RDX Goa (720p),RDXGoa.in,IN News,YES,playing,4.6,g5nl6xoalpq6-hls-live.5centscdn.com,https://g5nl6xoalpq6-hls-live.5centscdn.com/rdxgoa/d0dbe915091d400bd8ee7f27f0791303.sdp/playlist.m3u8
Real News Kerala (1080p),RealNewsKerala.in,IN News,YES,playing,1.5,bk7l298nyx53-hls-live.5centscdn.com,https://bk7l298nyx53-hls-live.5centscdn.com/realnews/e7dee419f91aa9e65939d3677fb9c4f5.sdp/playlist.m3u8
Reporter TV,ReporterTV.in,IN News,YES,playing,2.4,cdn.pishow.tv,https://cdn.pishow.tv/ott/live/1510/master.m3u8
Reporter TV (576p),ReporterTV.in,IN News,YES,playing,0.3,segment.yuppcdn.net,https://segment.yuppcdn.net/050522/reporter/playlist.m3u8
Reporter TV (576p),ReporterTV.in,IN News,YES,playing,2.9,mumt07.tangotv.in,https://mumt07.tangotv.in/zHjX9OFlREPORTERTV/index.m3u8
Republic Bangla,RepublicBangla.in,IN News,YES,playing,2.4,cdn.pishow.tv,https://cdn.pishow.tv/ott/live/270/master.m3u8
Republic Bangla (576p),RepublicBangla.in,IN News,YES,playing,3.0,streams.tangotv.in,https://streams.tangotv.in/RBANGLA/ORIGIN/index.m3u8
Republic Bharat (576p),RepublicBharat.in,IN News,YES,playing,3.0,streams.tangotv.in,https://streams.tangotv.in/REPUBLICBHARAT/ORIGIN/index.m3u8
Republic Kannada,RepublicKannada.in,IN News,YES,playing,2.4,cdn.pishow.tv,https://cdn.pishow.tv/ott/live/298/master.m3u8
Republic Kannada (576p),RepublicKannada.in,IN News,YES,playing,3.0,streams.tangotv.in,https://streams.tangotv.in/REPUBLICKANNADA/ORIGIN/index.m3u8
Republic TV (1080p),RepublicTV.in,IN News,YES,playing,1.5,d3qs3d2rkhfqrt.cloudfront.net,https://d3qs3d2rkhfqrt.cloudfront.net/out/v1/2e31d831f08640ff92f65003bdc89991/index.m3u8
Republic TV (1080p),RepublicTV.in,IN News,YES,playing,1.7,samsung-republictv.amagi.tv,https://samsung-republictv.amagi.tv/ts-ap-s1-n1/playlist/samsungin-republictv-samsungindia/playlist.m3u8
RT India (1080p),RTIndia.in,IN News,YES,playing,3.2,rt-india.rttv.com,https://rt-india.rttv.com/dvr/rtindia/playlist.m3u8
RT India (1080p),RTIndia.in,IN News,YES,playing,3.1,mumbai-edge.smartplaytv.in,https://mumbai-edge.smartplaytv.in/RTIndia/index.m3u8
Sach Bedhadak (576p),SachBedhadak.in,IN News,YES,playing,0.5,sbnews.nexcdn.online,https://sbnews.nexcdn.online/sbnews/live/index.m3u8
Sadhna News Madhya Pradesh/Chhattisgarh (576p),SadhnaNewsMadhyaPradeshChhattisgarh.in,IN News,YES,playing,2.9,mumt04.tangotv.in,https://mumt04.tangotv.in/m18aqlK4SADHNEWSPMRAJ/index.m3u8
Sadhna Plus News (720p),SadhnaPlusNews.in,IN News,YES,playing,2.2,6n3yow8pl9ok-hls-live.5centscdn.com,https://6n3yow8pl9ok-hls-live.5centscdn.com/sadhananewstv/live.stream/playlist.m3u8
Sahana News (576p),SahanaNews.in,IN News,YES,playing,2.9,mumt03.tangotv.in,https://mumt03.tangotv.in/Dsly5z3HSAHANANEWS/index.m3u8
Sakshi TV,SakshiTV.in,IN News,YES,playing,2.4,cdn.pishow.tv,https://cdn.pishow.tv/ott/live/409/master.m3u8
Sakshi TV (576p),SakshiTV.in,IN News,YES,playing,0.7,yuppmedtaorire.akamaized.net,https://yuppmedtaorire.akamaized.net/v1/master/a0d007312bfd99c47f76b77ae26b1ccdaae76cb1/sakshi_nim_https/240122/sakshi/playlist.m3u8
Sakshi TV (576p),SakshiTV.in,IN News,YES,playing,2.9,mumt07.tangotv.in,https://mumt07.tangotv.in/zHjX9OFlSAKSHITV/index.m3u8
Salaam TV (576p),SalaamTV.in,IN News,YES,playing,2.9,mumt07.tangotv.in,https://mumt07.tangotv.in/zHjX9OFlZEESALAM/index.m3u8
Salaam TV (720p),SalaamTV.in,IN News,YES,playing,1.9,d2o3r1shda7xvv.cloudfront.net,https://d2o3r1shda7xvv.cloudfront.net/index_5.m3u8
Salaam TV (720p),SalaamTV.in,IN News,YES,playing,2.5,vg-zeefta.akamaized.net,https://vg-zeefta.akamaized.net/ptnr-yupptv/title-zeesalaam/v1/manifest/611d79b11b77e2f571934fd80ca1413453772ac7/426c6db7-595e-4aa8-859c-7e86ed2811d0/af896be5-4743-41fc-8b6a-eb05e44f3a6e/3.m3u8
Samachar Plus 24x7 (576p),SamacharPlus24x7.in,IN News,YES,playing,2.9,mumt05.tangotv.in,https://mumt05.tangotv.in/87NeALx2VERTENTSAMACHARPLUS/index.m3u8
Samay Kolkata (1080p),SamayKolkata.in,IN News,YES,playing,3.2,server.livelegitpro.in,https://server.livelegitpro.in/samaykolkata/samaykolkata/index.m3u8
Samay Kolkata (720p),SamayKolkata.in,IN News,YES,playing,3.2,mumbai-edge.smartplaytv.in,https://mumbai-edge.smartplaytv.in/SamayKolkata/index.m3u8
Sandesh News (576p),SandeshNews.in,IN News,YES,playing,2.9,mumt01.tangotv.in,https://mumt01.tangotv.in/O5aw8Zn3SANDESHNEWS/index.m3u8
Sathiyam TV (576p),SathiyamTV.in,IN News,YES,playing,2.9,mumt07.tangotv.in,https://mumt07.tangotv.in/zHjX9OFlSATHIYAMTV/index.m3u8
Sky News Urdu (720p),SkyNewsUrdu.pk,PK News,YES,playing,0.6,lbgo.bozztv.com,https://lbgo.bozztv.com/ssh101/ssh101/skynews/playlist.m3u8
Such TV,SuchTV.pk,PK News,YES,playing,2.2,video.primexsports.com,https://video.primexsports.com/suchnews/live/playlist.m3u8
Sudarshan News (1080p),SudarshanNews.in,IN News,YES,playing,2.9,ott.livelegitpro.in,https://ott.livelegitpro.in/sudarshannews/sudarshannews/tracks-v1/index.fmp4.m3u8
Sudarshan News (396p),SudarshanNews.in,IN News,YES,playing,0.9,d1msejlow1t3l4.cloudfront.net,https://d1msejlow1t3l4.cloudfront.net/fta/sudarshan/playlist.m3u8
Sudarshan News (576p),SudarshanNews.in,IN News,YES,playing,3.0,streams.tangotv.in,https://streams.tangotv.in/SUDARSHANNEWS/ORIGIN/index.m3u8
Suvarna News (576p),SuvarnaNews.in@SD,IN News,YES,playing,3.1,streams.tangotv.in,https://streams.tangotv.in/SUVARNANEWS/ORIGIN/index.m3u8
Suvarna News SD (576p),SuvarnaNews.in@SD,IN News,YES,playing,2.9,mumt04.tangotv.in,https://mumt04.tangotv.in/m18aqlK4SUVARNANEWS/index.m3u8
Swadesh News (576p),SwadeshNews.in,IN News,YES,playing,2.9,mumt03.tangotv.in,https://mumt03.tangotv.in/Dsly5z3HSWADESHNEWS/index.m3u8
Swadesh News (720p),SwadeshNews.in,IN News,YES,playing,2.4,cdn.pishow.tv,https://cdn.pishow.tv/ott/live/465/master.m3u8
Swaraj Express SMBC (576p),SwarajExpressSMBC.in,IN News,YES,playing,0.9,d1msejlow1t3l4.cloudfront.net,https://d1msejlow1t3l4.cloudfront.net/fta/swarajexpresssmbc/playlist.m3u8
Swaraj Express SMBC (720p),SwarajExpressSMBC.in,IN News,YES,playing,2.4,cdn.pishow.tv,https://cdn.pishow.tv/ott/live/477/master.m3u8
Swatantra TV (1080p),SwatantraTV.in,IN News,YES,playing,3.2,mumbai-edge.smartplaytv.in,https://mumbai-edge.smartplaytv.in/SwatantraTV/index.m3u8
T News (576p),TNews.in,IN News,YES,playing,2.4,yuppnimresmum.akamaized.net,https://yuppnimresmum.akamaized.net/120723/smil:tnews.smil/playlist.m3u8?hdnts=st=1735898689~exp=1835898688~acl=*~hmac=f5fe24724fe05481e3841f9eb5ab8efdee0a3dd83645ae9dcf45703f525bab7b
T News (576p),TNews.in,IN News,YES,playing,2.9,mumt03.tangotv.in,https://mumt03.tangotv.in/Dsly5z3HTNEWS/index.m3u8
T News (720p),TNews.in,IN News,YES,playing,2.4,cdn.pishow.tv,https://cdn.pishow.tv/ott/live/385/master.m3u8
Tamil Janam (576p),TamilJanam.in,IN News,YES,playing,2.9,mumt01.tangotv.in,https://mumt01.tangotv.in/O5aw8Zn3JANAMTVTAMIL/index.m3u8
Thanthi TV (576p),ThanthiTV.in,IN News,YES,playing,2.4,cdn.pishow.tv,https://cdn.pishow.tv/ott/live/1612/master.m3u8
Thanthi TV (576p),ThanthiTV.in,IN News,YES,playing,2.9,mumt03.tangotv.in,https://mumt03.tangotv.in/Dsly5z3HTHANTHITV/index.m3u8
Thanthi TV (576p),ThanthiTV.in,IN News,YES,playing,3.0,streams.tangotv.in,https://streams.tangotv.in/THANTHITV/ORIGIN/index.m3u8
The Voice TV (1080p),TheVoiceTV.in,IN News,YES,playing,3.1,legitpro.co.in,https://legitpro.co.in/thevoicetv/thevoicetv/index.m3u8
Times Now Navbharat (1080p),TimesNowNavbharat.in,IN News,YES,playing,0.9,d3qs3d2rkhfqrt.cloudfront.net,https://d3qs3d2rkhfqrt.cloudfront.net/out/v1/a5ee7c4e7a2a4b15a22a3bcf523b9776/index.m3u8
Times Now Navbharat HD (1080p),TimesNowNavbharat.in@HD,IN News,YES,playing,0.7,yupprestreamliveus.akamaized.net,https://yupprestreamliveus.akamaized.net/v1/vglive-sk-717514/main.m3u8
TNP News (1080p),TNPNews.in,IN News,YES,playing,2.5,server.thelegitpro.in,https://server.thelegitpro.in/tnpnews/tnpnews/index.m3u8
TOI Global (1080p),TOIGlobal.in,IN News,YES,playing,3.3,live.sli.ke,https://live.sli.ke/live/npnhm84gz9/master.m3u8
TV13 Gujarati (480p),TV13Gujarati.in,IN News,YES,playing,4.7,live.wrencdn.in,https://live.wrencdn.in/wrencdn/hls/tv13_web/index.m3u8
TV27 News (360p),TV27News.in,IN News,YES,playing,2.9,mumt04.tangotv.in,https://mumt04.tangotv.in/m18aqlK4TV27/index.m3u8
TV30 India (1080p),TV30India.in,IN News,YES,playing,1.9,stream.tv30bharat.com,https://stream.tv30bharat.com/hls/shree/bhattji.m3u8
TV45 (1080p),TV45.in,IN News,YES,playing,7.6,server.livelegitpro.in,https://server.livelegitpro.in/bnews24/bnews24/video.m3u8
TV5 Kannada (576p),TV5Kannada.in,IN News,YES,playing,2.5,yuppnimresmum.akamaized.net,https://yuppnimresmum.akamaized.net/050522/tv5kannada/playlist.m3u8?hdnts=st=1735898689~exp=1835898688~acl=*~hmac=f5fe24724fe05481e3841f9eb5ab8efdee0a3dd83645ae9dcf45703f525bab7b
TV5 Kannada (576p),TV5Kannada.in,IN News,YES,playing,2.9,mumt07.tangotv.in,https://mumt07.tangotv.in/zHjX9OFlTV5KANNADA/index.m3u8
TV5 News (576p),TV5News.in,IN News,YES,playing,0.6,yuppmedtaorire.akamaized.net,https://yuppmedtaorire.akamaized.net/v1/master/a0d007312bfd99c47f76b77ae26b1ccdaae76cb1/tv5_nim_https/110322/tv5/playlist.m3u8
TV5 News (576p),TV5News.in,IN News,YES,playing,2.5,yuppnimresmum.akamaized.net,https://yuppnimresmum.akamaized.net/110322/tv5/playlist.m3u8?hdnts=st=1735898689~exp=1835898688~acl=*~hmac=f5fe24724fe05481e3841f9eb5ab8efdee0a3dd83645ae9dcf45703f525bab7b
TV5 News (576p),TV5News.in,IN News,YES,playing,2.9,mumt07.tangotv.in,https://mumt07.tangotv.in/zHjX9OFlTV5NEWS/index.m3u8
TV9 Bangla (576p),TV9Bangla.in,IN News,YES,playing,3.0,streams.tangotv.in,https://streams.tangotv.in/TV9BANGLA/ORIGIN/index.m3u8
TV9 Bangla (720p),TV9Bangla.in,IN News,YES,playing,1.7,dyjmyiv3bp2ez.cloudfront.net,https://dyjmyiv3bp2ez.cloudfront.net/pub-iotv9banaen8yq/liveabr/playlist.m3u8
TV9 Bangla (720p),TV9Bangla.in,IN News,YES,playing,3.1,mumbai-edge.smartplaytv.in,https://mumbai-edge.smartplaytv.in/Tv9Bangla/index.m3u8
TV9 Bharatvarsh (576p),TV9Bharatvarsh.in,IN News,YES,playing,3.1,streams.tangotv.in,https://streams.tangotv.in/TV9BHARATVARSH/ORIGIN/index.m3u8
TV9 Bharatvarsh (720p),TV9Bharatvarsh.in,IN News,YES,playing,1.1,vg-tv9yupp.vgcdn.net,https://vg-tv9yupp.vgcdn.net/vglive-sk-468570/v1/019dfce4b3371ea55784752988544/019dfce515ea1ea540a871e333259/main.m3u8
TV9 Bharatvarsh (720p),TV9Bharatvarsh.in,IN News,YES,playing,1.2,dyjmyiv3bp2ez.cloudfront.net,https://dyjmyiv3bp2ez.cloudfront.net/pub-iotv9hinjzgtpe/liveabr/playlist.m3u8
TV9 Gujarati (576p),TV9Gujarati.in,IN News,YES,playing,3.0,streams.tangotv.in,https://streams.tangotv.in/TV9GUJARATI/ORIGIN/index.m3u8
TV9 Gujarati (720p),TV9Gujarati.in,IN News,YES,playing,1.3,dyjmyiv3bp2ez.cloudfront.net,https://dyjmyiv3bp2ez.cloudfront.net/pub-iotv9guj3ki8lu/liveabr/playlist.m3u8
TV9 Kannada (576p),TV9Kannada.in,IN News,YES,playing,3.0,streams.tangotv.in,https://streams.tangotv.in/TV9KANNADA/ORIGIN/index.m3u8
TV9 Kannada (720p),TV9Kannada.in,IN News,YES,playing,1.6,dyjmyiv3bp2ez.cloudfront.net,https://dyjmyiv3bp2ez.cloudfront.net/pub-iotv9kanmo6oiq/liveabr/playlist.m3u8
TV9 Marathi (576p),TV9Marathi.in,IN News,YES,playing,3.1,streams.tangotv.in,https://streams.tangotv.in/TV9MARATHI/ORIGIN/index.m3u8
TV9 Marathi (720p),TV9Marathi.in,IN News,YES,playing,1.5,dyjmyiv3bp2ez.cloudfront.net,https://dyjmyiv3bp2ez.cloudfront.net/pub-iotv9marlygv8h/liveabr/playlist.m3u8
TV9 Marathi (720p),TV9Marathi.in,IN News,YES,playing,3.1,mumbai-edge.smartplaytv.in,https://mumbai-edge.smartplaytv.in/TV9Marathi/index.m3u8
TV9 Telugu (576p),TV9Telugu.in,IN News,YES,playing,3.0,streams.tangotv.in,https://streams.tangotv.in/TV9TELUGU/ORIGIN/index.m3u8
TV9 Telugu (720p),TV9Telugu.in,IN News,YES,playing,1.7,dyjmyiv3bp2ez.cloudfront.net,https://dyjmyiv3bp2ez.cloudfront.net/pub-iotv9telcmjhcs/liveabr/playlist.m3u8
V6 News (576p),V6News.in,IN News,YES,playing,0.6,yuppmedtaorire.akamaized.net,https://yuppmedtaorire.akamaized.net/v1/master/a0d007312bfd99c47f76b77ae26b1ccdaae76cb1/v6news_nim_https/140622/v6news/playlist.m3u8
V6 News (576p),V6News.in,IN News,YES,playing,0.7,d1rc86nwwc9fag.cloudfront.net,https://d1rc86nwwc9fag.cloudfront.net/140622/v6newsdev/playlist.m3u8?hdnts=st=1735898689~exp=1835898688~acl=*~hmac=f5fe24724fe05481e3841f9eb5ab8efdee0a3dd83645ae9dcf45703f525bab7b
Velicham TV (576p),VelichamTV.in,IN News,YES,playing,2.4,cdn.pishow.tv,https://cdn.pishow.tv/ott/live/461/master.m3u8
Velicham TV (576p),VelichamTV.in,IN News,YES,playing,3.2,mumbai-edge.smartplaytv.in,https://mumbai-edge.smartplaytv.in/Velichamtv/index.m3u8
Vistaar News (1080p),VistaarNews.in,IN News,YES,playing,3.5,stream.ottlive.co.in,https://stream.ottlive.co.in/vistaartv/index.m3u8
VR Live (720p),VRLive.in,IN News,YES,playing,2.9,channel.vrlivegujarat.com,https://channel.vrlivegujarat.com/hls/vrchannel.m3u8
WION (1080p),WION.in,IN News,YES,playing,0.2,d7x8z4yuq42qn.cloudfront.net,https://d7x8z4yuq42qn.cloudfront.net/index_7.m3u8
WION (720p),WION.in,IN News,YES,playing,0.6,wion-klowdtv.amagi.tv,https://wion-klowdtv.amagi.tv/playlist.m3u8
WION (720p),WION.in,IN News,YES,playing,1.3,d7x8z4yuq42qn.cloudfront.net,https://d7x8z4yuq42qn.cloudfront.net/index_1.m3u8
World Punjabi TV (1080p),WorldPunjabiTV.in,IN News,YES,playing,2.9,live1.ottlive.co.in,https://live1.ottlive.co.in/worldpunjabitv/worldpunjabitv/index.m3u8
World Punjabi TV (576p),WorldPunjabiTV.in,IN News,YES,playing,2.9,mumt06.tangotv.in,https://mumt06.tangotv.in/qYyB8fXVWPNWORLDPUNJABI/index.m3u8
Zee 24 Ghanta,Zee24Ghanta.in,IN News,YES,playing,1.9,d2dsoyvkr33m05.cloudfront.net,https://d2dsoyvkr33m05.cloudfront.net/index_4.m3u8
Zee 24 Ghanta (576p),Zee24Ghanta.in,IN News,YES,playing,2.4,tvsen6.aynaott.com,https://tvsen6.aynaott.com/DpPnXP9r/index.m3u8
Zee 24 Kalak (720p),Zee24Kalak.in,IN News,YES,playing,1.7,vg-zeefta.akamaized.net,https://vg-zeefta.akamaized.net/ptnr-yupptv/title-zee24kalak/v1/manifest/611d79b11b77e2f571934fd80ca1413453772ac7/497f7199-758d-495d-9d2f-a5489231c428/14b7c8ec-16da-47f2-8d7e-5bbaec67b3e2/3.m3u8
Zee 24 Taas (576p),Zee24Taas.in,IN News,YES,playing,3.0,streams.tangotv.in,https://streams.tangotv.in/ZEE24TAAS/ORIGIN/index.m3u8
Zee 24 Taas (720p),Zee24Taas.in,IN News,YES,playing,2.0,dgrvlduwztkd4.cloudfront.net,https://dgrvlduwztkd4.cloudfront.net/index_5.m3u8
Zee Bharat (576p),ZeeBharat.in,IN News,YES,playing,2.9,mumt03.tangotv.in,https://mumt03.tangotv.in/Dsly5z3HZEEBHARAT/index.m3u8
Zee Bharat (720p),ZeeBharat.in,IN News,YES,playing,2.7,vg-zeefta.akamaized.net,https://vg-zeefta.akamaized.net/ptnr-yupptv/title-zeehindustan/v1/master/611d79b11b77e2f571934fd80ca1413453772ac7/96bbab12-582e-4540-af70-510ab6824581/main.m3u8
Zee Bihar Jharkhand (720p),ZeeBiharJharkhand.in,IN News,YES,playing,0.7,raw.githubusercontent.com,https://raw.githubusercontent.com/amazeyourself/adaptive-streams/refs/heads/main/streams/in/YuppTV/ZeeBiharJharkhand.m3u8
Zee Bihar Jharkhand (720p),ZeeBiharJharkhand.in,IN News,YES,playing,2.5,vg-zeefta.akamaized.net,https://vg-zeefta.akamaized.net/ptnr-yupptv/title-zeebiharjharkhand/v1/master/611d79b11b77e2f571934fd80ca1413453772ac7/28077955-07d7-4ae2-8b11-9f318cd69420/main.m3u8
Zee Delhi NCR Haryana (720p),ZeeDelhiNCRHaryana.in,IN News,YES,playing,2.6,vg-zeefta.akamaized.net,https://vg-zeefta.akamaized.net/ptnr-yupptv/title-zeedelhincr/v1/master/611d79b11b77e2f571934fd80ca1413453772ac7/cc483a15-1b39-4642-872d-5d08d362ed01/main.m3u8
Zee Kannada News (720p),ZeeKannadaNews.in,IN News,YES,playing,1.7,d3vzwoqcbpfm8p.cloudfront.net,https://d3vzwoqcbpfm8p.cloudfront.net/index_4.m3u8
Zee Madhya Pradesh Chhattisgarh (720p),ZeeMadhyaPradeshChhattisgarh.in,IN News,YES,playing,2.5,vg-zeefta.akamaized.net,https://vg-zeefta.akamaized.net/ptnr-yupptv/title-zeemadhyachhattisgarh/v1/master/611d79b11b77e2f571934fd80ca1413453772ac7/2ab17056-6187-4f0e-a34d-f436ac479d6c/main.m3u8
Zee News (1080p),ZeeNews.in,IN News,YES,playing,0.8,dknttpxmr0dwf.cloudfront.net,https://dknttpxmr0dwf.cloudfront.net/index_57.m3u8
Zee News (1080p),ZeeNews.in,IN News,YES,playing,2.4,dt3lrqnyx3dks.cloudfront.net,https://dt3lrqnyx3dks.cloudfront.net/index.m3u8
Zee News (720p),ZeeNews.in,IN News,YES,playing,2.7,vg-zeefta.akamaized.net,https://vg-zeefta.akamaized.net/ptnr-yupptv/title-zeenews/v1/master/611d79b11b77e2f571934fd80ca1413453772ac7/8744f9fb-d696-4204-9795-5215ad930c39/main.m3u8
Zee Punjab Haryana Himachal (720p),ZeePunjabHaryanaHimachal.in,IN News,YES,playing,2.6,vg-zeefta.akamaized.net,https://vg-zeefta.akamaized.net/ptnr-yupptv/title-zeepunjabharyanahima/v1/master/611d79b11b77e2f571934fd80ca1413453772ac7/65eed269-2f3a-4dd0-ac89-d18959af28e3/main.m3u8
Zee Rajasthan (720p),ZeeRajasthan.in,IN News,YES,playing,2.4,vg-zeefta.akamaized.net,https://vg-zeefta.akamaized.net/ptnr-yupptv/title-zeerajashthannews/v1/master/611d79b11b77e2f571934fd80ca1413453772ac7/8e864b9a-1681-41a0-99a6-387490bc5b24/main.m3u8
Zee Telugu News (720p),ZeeTeluguNews.in,IN News,YES,playing,2.6,d116gfrn8orazi.cloudfront.net,https://d116gfrn8orazi.cloudfront.net/index.m3u8?akes=eyJ0eXAiOiJKV1QiLCJhbGciOiJIUzI1NiJ9.eyJleHAiOjE3NjcxOTc5NzJ9.O4qmdMPbHwKrCg6hFXvD70vjSPWKQd0a7NrjmFdeMB8
Zee Uttar Pradesh/Uttarakhand (576p),ZeeUttarPradeshUttarakhand.in,IN News,YES,playing,2.9,mumt07.tangotv.in,https://mumt07.tangotv.in/zHjX9OFlZEEUPUK/index.m3u8
Zee Uttar Pradesh/Uttarakhand (720p),ZeeUttarPradeshUttarakhand.in,IN News,YES,playing,2.0,duw35ict5q7th.cloudfront.net,https://duw35ict5q7th.cloudfront.net/index_3.m3u8
ZillarBarta News,ZillarBartaNews.in,IN News,YES,playing,3.7,server.zillarbarta.com,https://server.zillarbarta.com/zillarbarta/index.m3u8
22Scope News (1080p),22ScopeNews.in,IN News,no,segment HTTP 404,3.6,thelegitpro.in,https://thelegitpro.in/HDlive/22scope/index.fmp4.m3u8
6 TV Telugu (360p),6TVTelugu.in,IN News,no,segment HTTP 404,2.9,mumt03.tangotv.in,https://mumt03.tangotv.in/Dsly5z3H6TVTELUGU/index.m3u8
9 Plus News (1080p),9PlusNews.in,IN News,no,segment HTTP 404,6.0,stream.ottlive.co.in,https://stream.ottlive.co.in/9plusnews/index.m3u8
92 News HD (720p),92NewsHD.pk,PK News,no,segment TimeoutError,12.2,92news.vdn.dstreamone.net,http://92news.vdn.dstreamone.net/92newshd/92hd/playlist.m3u8
Aaj News (576p),AajNews.pk,PK News,no,unreachable (timed out) after 3 tries,36.0,115.42.65.142:9981,http://115.42.65.142:9981/stream/channelid/750987367
Abb Takk (576p),AbbTakk.pk,PK News,no,unreachable (timed out) after 3 tries,36.0,115.42.65.142:9981,http://115.42.65.142:9981/stream/channelid/852828604
ABN News (1080p),ABNNews.pk,PK News,no,unreachable (timed out) after 3 tries,36.0,115.42.65.142:9981,http://115.42.65.142:9981/stream/channelid/966869781
Aik News,AikNews.pk@SD,PK News,no,HTTP 403,1.3,cdn23lhr.tamashaweb.com:8087,https://cdn23lhr.tamashaweb.com:8087/jazzauth/PNN-abr/live/vsat-84H/chunks.m3u8
ANB News (720p),ANBNews.in,IN News,no,segment HTTP 404,2.9,server.livelegitpro.in:9899,https://server.livelegitpro.in:9899/anbnews/anbnews/index.m3u8
ARY News,ARYNews.pk,PK News,no,HTTP 403,1.3,cdn07lhr.tamashaweb.com:8087,https://cdn07lhr.tamashaweb.com:8087/jazzauth/vsat-arynews-abr/live/vsat-arynews-H/chunks_dvr_timeshift-0-3600.m3u8
Bada Khabar (576p),BadaKhabar.in,IN News,no,HTTP 404,11.0,mumbai-edge.smartplaytv.in,https://mumbai-edge.smartplaytv.in/BADAKHABAR/index.m3u8
Big TV 24x7 (1080p),BigTV24x7.in,IN News,no,segment HTTP 404,3.0,stream.ottlive.co.in,https://stream.ottlive.co.in/bigtvmalayalam/index.m3u8
BRK News (720p),BRKNews.in,IN News,no,segment HTTP 404,2.8,mumbai-edge.smartplaytv.in,https://mumbai-edge.smartplaytv.in/BRKNEWS/index.m3u8
City 41 (576p),City41.pk,PK News,no,unreachable (timed out) after 3 tries,36.0,163.61.227.29:8000,http://163.61.227.29:8000/play/a02r/index.m3u8
CTVN AKD Plus (1080p),CTVNAKDPlus.in,IN News,no,segment HTTP 404,4.9,live.legitpro.co.in,https://live.legitpro.co.in/ctvnakdplus/index.m3u8
DY 365 (360p),DY365.in,IN News,no,HTTP 403,1.3,cdn.smartstream.video,https://cdn.smartstream.video/smartstream-us/dy365/dy365/playlist.m3u8
ETV Andhra Pradesh (1080p),ETVAndhraPradesh.in,IN News,no,HTTP 404,0.9,mumbai-edge.smartplaytv.in,https://mumbai-edge.smartplaytv.in/ETVAP/index.m3u8
ETV Andhra Pradesh (1080p),ETVAndhraPradesh.in,IN News,no,unreachable ([Errno -5] No address associated with ho) after 3 tries,0.1,d1g35elx8qnif3.cloudfront.net,https://d1g35elx8qnif3.cloudfront.net/v1/master/9d43eacaed199f8d5883927e7aef514a8a08e108/ETV_AP_H264_cloud_in/index.m3u8
ETV Telangana (1080p),ETVTelangana.in,IN News,no,HTTP 404,0.9,mumbai-edge.smartplaytv.in,https://mumbai-edge.smartplaytv.in/ETVTG/index.m3u8
ETV Telangana (1080p),ETVTelangana.in,IN News,no,unreachable ([Errno -5] No address associated with ho) after 3 tries,0.1,d37d7pfp7vjqhh.cloudfront.net,https://d37d7pfp7vjqhh.cloudfront.net/v1/master/9d43eacaed199f8d5883927e7aef514a8a08e108/ETV_TS_H264_cloud_in/index.m3u8
GS TV (576p),GSTV.in,IN News,no,HTTP 404,0.7,cdnplay.peanutsquare.com,https://cdnplay.peanutsquare.com/560828843292539228453915.m3u8
HNN 24x7 (576p),HNN24x7.in,IN News,no,segment HTTP 404,5.3,ott.livelegitpro.in:9899,https://ott.livelegitpro.in:9899/hnnnews/hnnnews/index.m3u8
Hum News,HumNews.pk,PK News,no,HTTP 400,0.5,103.86.135.164:9981,http://103.86.135.164:9981/stream/channelid/2024790699?profile=pass&ticket=CAC87CD3CF8747A13FB03B91C9BE860F93CD615C
India Voice (576p),IndiaVoice.in,IN News,no,HTTP 404,0.9,mumt04.tangotv.in,https://mumt04.tangotv.in/m18aqlK4INDIAVOICE/index.m3u8
K News India (720p),KNewsIndia.in,IN News,no,HTTP 400,0.9,legitpro.co.in,https://legitpro.co.in/knews/index.m3u8
Kanak News (576p),KanakNews.in,IN News,no,HTTP 404,11.0,mumbai-edge.smartplaytv.in,https://mumbai-edge.smartplaytv.in/kanaknews/index.m3u8
Kohenoor News (576p),KohenoorNews.pk,PK News,no,unreachable (timed out) after 3 tries,36.0,103.250.28.74:8000,http://103.250.28.74:8000/play/a00r/index.m3u8
Lahore Rang (1080p),LahoreRang.pk,PK News,no,unreachable (timed out) after 3 tries,36.0,103.250.28.74:8000,http://103.250.28.74:8000/play/a01q/index.m3u8
Mashriq TV,MashriqTV.pk,PK News,no,HTTP 404,0.7,cdn4.mjunoon.tv:8087,https://cdn4.mjunoon.tv:8087/streamtest/108M/chunks.m3u8
Mashriq TV (576p),MashriqTV.pk,PK News,no,unreachable (timed out) after 3 tries,36.0,103.250.28.74:8000,http://103.250.28.74:8000/play/a02s/index.m3u8
Metro1 News (576p),Metro1News.pk,PK News,no,unreachable (timed out) after 3 tries,36.0,103.250.28.74:8000,http://103.250.28.74:8000/play/a04u/index.m3u8
Mirror Now (720p),MirrorNow.in,IN News,no,segment HTTP 404,1.0,pubads.g.doubleclick.net,https://pubads.g.doubleclick.net/ssai/event/DXkHhH2QSnma-HnE3QJqlA/master.m3u8
Munsif TV (576p),MunsifTV.in,IN News,no,segment HTTP 404,2.8,mumbai-edge.smartplaytv.in,https://mumbai-edge.smartplaytv.in/munsiftv/index.m3u8
Nagaland TV (576p),NagalandTV.in,IN News,no,HTTP 404,0.9,mumt06.tangotv.in,https://mumt06.tangotv.in/qYyB8fXVNAGALANDTV/index.m3u8
Neo News (1080p),NeoNews.pk,PK News,no,unreachable (timed out) after 3 tries,36.0,103.250.28.74:8000,http://103.250.28.74:8000/play/a01p/index.m3u8
News 1 India (576p),News1India.in,IN News,no,HTTP 404,0.7,tvsen6.aynaott.com,https://tvsen6.aynaott.com/TaVfw58T/index.m3u8
News 24 (720p),News24.in,IN News,no,HTTP 404,0.8,vidcdn.vidgyor.com,https://vidcdn.vidgyor.com/news24-origin/liveabr/playlist.m3u8
News One (576p),NewsOne.pk,PK News,no,unreachable (timed out) after 3 tries,36.0,103.250.28.74:8000,http://103.250.28.74:8000/play/a04j/index.m3u8
News18 Kerala (1080p),News18Kerala.in,IN News,no,HTTP 451,1.6,nw18live.cdn.jio.com,https://nw18live.cdn.jio.com/bpk-tv/News18_Kerala_NW18_MOB/output01/index.m3u8
News18 Odia (1080p),News18Odia.in,IN News,no,HTTP 404,10.9,mumbai-edge.smartplaytv.in,https://mumbai-edge.smartplaytv.in/news18odiya/index.m3u8
NewsX (720p),NewsX.in,IN News,no,HTTP 404,10.9,mumbai-edge.smartplaytv.in,https://mumbai-edge.smartplaytv.in/NewsX/index.m3u8
NSC9 News (1080p),NSC9News.in,IN News,no,segment HTTP 404,2.8,legitpro.co.in,https://legitpro.co.in/nsc9/index.m3u8
ON News HD (576p),ONNewsHD.pk,PK News,no,unreachable (timed out) after 3 tries,36.0,103.250.28.74:8000,http://103.250.28.74:8000/play/a046/index.m3u8
Pratham Khabar 24x7 (576p),PrathamKhabar24x7.in,IN News,no,segment HTTP 404,2.9,livelegitpro.in,https://livelegitpro.in/hls2/newstime/index.m3u8
Prime9 News (1080p),Prime9News.in,IN News,no,segment HTTP 404,2.8,mumbai-edge.smartplaytv.in,https://mumbai-edge.smartplaytv.in/Prime9News/index.m3u8
PTV News (1080p),PTVNews.pk,PK News,no,unreachable (timed out) after 3 tries,36.0,103.250.28.74:8000,http://103.250.28.74:8000/play/a017/index.m3u8
Public News (1080p),PublicNews.pk,PK News,no,unreachable (timed out) after 3 tries,36.0,103.250.28.74:8000,http://103.250.28.74:8000/play/a04g/index.m3u8
Republic Bangla (1080p),RepublicBangla.in,IN News,no,segment HTTP 504 after 3 tries,4.2,vg-republictvlive.akamaized.net,https://vg-republictvlive.akamaized.net/v1/master/611d79b11b77e2f571934fd80ca1413453772ac7/vglive-sk-456368/main.m3u8
Republic Bharat (1080p),RepublicBharat.in,IN News,no,segment HTTP 404,0.5,raw.githubusercontent.com,https://raw.githubusercontent.com/amazeyourself/adaptive-streams/refs/heads/main/streams/in/YuppTV/RepublicBharat.m3u8
Republic Bharat (1080p),RepublicBharat.in,IN News,no,segment HTTP 504 after 3 tries,3.8,vg-republictvlive.akamaized.net,https://vg-republictvlive.akamaized.net/v1/master/611d79b11b77e2f571934fd80ca1413453772ac7/vglive-sk-275673/main.m3u8
Republic Kannada (720p),RepublicKannada.in,IN News,no,segment HTTP 404,2.8,mumbai-edge.smartplaytv.in,https://mumbai-edge.smartplaytv.in/republickannada/index.m3u8
Republic TV (1080p),RepublicTV.in,IN News,no,segment HTTP 404,0.2,raw.githubusercontent.com,https://raw.githubusercontent.com/amazeyourself/adaptive-streams/refs/heads/main/streams/in/YuppTV/RepublicTV.m3u8
Rozana Spokesman (1080p),RozanaSpokesman.in,IN News,no,segment HTTP 404,2.8,live1.ottlive.co.in,https://live1.ottlive.co.in/spokesman/spokesman/index.m3u8
Roze News (576p),RozeNews.pk,PK News,no,unreachable (timed out) after 3 tries,36.0,103.250.28.74:8000,http://103.250.28.74:8000/play/a01k/index.m3u8
Sindh TV News (1080p),SindhTVNews.pk,PK News,no,unreachable (timed out) after 3 tries,36.0,103.250.28.74:8000,http://103.250.28.74:8000/play/a00v/index.m3u8
Suno News HD (1080p),SunoNewsHD.pk,PK News,no,unreachable (timed out) after 3 tries,36.0,103.250.28.74:8000,http://103.250.28.74:8000/play/a02a/index.m3u8
Times Now (720p),TimesNow.in,IN News,no,HTTP 403,0.1,dztlhgid9me95.cloudfront.net,https://dztlhgid9me95.cloudfront.net/live-tv/Vidgyor/timesnow/timesnow_master.m3u8
Times Now Navbharat (1080p),TimesNowNavbharat.in,IN News,no,HTTP 403,0.1,dztlhgid9me95.cloudfront.net,https://dztlhgid9me95.cloudfront.net/live-tv/Vidgyor/navbharat/navbharat_master.m3u8
Top News Marathi (1080p),TopNewsMarathi.in,IN News,no,segment HTTP 404,2.7,live1.ottlive.co.in,https://live1.ottlive.co.in/topnewsmarathi/topnewsmarathi/index.m3u8
TV5 Kannada (576p),TV5Kannada.in,IN News,no,HTTP 404,0.9,mumbai-edge.smartplaytv.in,https://mumbai-edge.smartplaytv.in/tv5kannada/index.m3u8
TV9 Kannada (576p),TV9Kannada.in,IN News,no,segment HTTP 404,2.8,mumbai-edge.smartplaytv.in,https://mumbai-edge.smartplaytv.in/tv9kannada/index.m3u8
V6 News (576p),V6News.in,IN News,no,segment HTTP 404,2.7,mumt05.tangotv.in,https://mumt05.tangotv.in/87NeALx2V6NEWS/index.m3u8
Velicham TV (576p),VelichamTV.in,IN News,no,segment HTTP 404,2.7,mumt05.tangotv.in,https://mumt05.tangotv.in/87NeALx2VALICHAMPLUS/index.m3u8
VIP News (360p),VIPNews.in,IN News,no,HTTP 401,0.3,live.vipnews24x7.co.in,https://live.vipnews24x7.co.in/vipnews24x7/d0dbe915091d400bd8ee7f27f0791303.sdp/playlist.m3u8
Vistaar News (576p),VistaarNews.in,IN News,no,HTTP 502 after 3 tries,10.6,vistaarnews.com,https://vistaarnews.com/livetv-stream/test.m3u8
VSH News (576p),VSHNews.pk,PK News,no,unreachable (timed out) after 3 tries,36.0,103.250.28.74:8000,http://103.250.28.74:8000/play/a00w/index.m3u8
VTV News (576p),VTVNews.in,IN News,no,segment HTTP 404,3.6,live1.ottlive.co.in,https://live1.ottlive.co.in/vtvgujarati/vtvgujarati/index.m3u8
Zee Tamil News (720p),ZeeTamilNews.in,IN News,no,segment URLError,0.2,raw.githubusercontent.com,https://raw.githubusercontent.com/amazeyourself/adaptive-streams/refs/heads/main/streams/in/ZMCL/ZeeTamilNews.m3u8
